English Name,Amount,English Unit,,Calories,Fats,Carbs,Protein,Arabic Name,Arabic Unit,Vit A (µg),Vit C (mg),Vit D (µg),Vit K (µg),Folate (µg),Vit B12 (µg),Calcium (mg),Iron (mg),Magnesium (mg),Potassium (mg),Zinc (mg),Selenium (µg),,FoodGroup,SubGroup
Egg Whites,100,Gram,,52,0.2,0.7,10.9,بياض بيض,جرام,0,0,0,0,1,0.03,7,0.08,11,163,0.07,17.5,,Protein,Lean Protein
Whole Eggs,100,Gram,,155,11,1.1,13,بيض كامل ,جرام,149,0,2.1,0.3,44,0.9,50,1.2,10,126,1.1,30.7,,Protein,Fatty Protein
Potatoes (cooked),100,gm,,94,0.1,21.1,2.1,بطاطس (بعد الطهي),جرام ,1,13.1,-,2.1,18,-,8,0.52,27,544,0.37,0.4,,Carbs,High-Carb
Cucumber,100,gm,,15,0.1,3.63,0.65,خيار ,جرام ,5,2.8,-,16.4,7,-,16,0.28,13,147,0.2,0.3,,Veg,Low-Carb
Chicken Breast (cooked),100,gm,,165,3.6,0,31,صدور دجاج (بعد الطهي),جرام ,6,-,-,-,4,-,15,1,29,256,1,22,,Protein,Lean Protein
Minced Meat,100,gm,,153,4.5,0,26.4,لحمة  مفرومة (متشفية من غير دهون),جرام ,3,-,0.1,1.5,7,2.4,20,2.7,22,349,6.2,22.1,,Protein,Fatty Protein
Cooked Rice (cooked),100,gm,,130,0.3,28,2.7,أرز (بعد الطبخ),جرام ,-,-,-,-,58,-,10,0.2,12,35,0.4,9.7,,Carbs,High-Carb
Any Veggies,100,gm,,15,0.1,3.6,0.6,خضار أخضر,جرام ,5,2.8,-,16.4,7,-,16,0.28,13,147,0.2,0.3,,Veg,Low-Carb
Banana,100,gm,,89,0.3,23,1.1,موز,جرام ,3,8.7,-,0.5,20,-,5,0.26,27,358,0.15,1,,Fruit,High-Carb
Watermelon,100,gm,,30,0.2,7.6,0.6,بطيخ,جرام ,28,8.1,-,0.1,3,-,7,0.24,10,112,0.1,0.4,,Fruit,Low-Carb
Peanuts,100,gm,,585,49.7,21.5,23.7,سوداني,جرام ,-,-,-,-,145,-,62,2.3,184,634,3.3,7.2,,Fats & Oils,Healthy Fat
Raw Salmon Fillet,100,Gram,,208,13,0,20,سلمون ني فيليه,جرام,12,3.9,11,0.5,25,3.2,9,0.3,27,363,0.4,36.5,,Protein,Fatty Protein
Almonds,100,gm,,575,49.4,21.7,21.1,لوز,جرام ,1,-,-,-,44,-,269,3.7,270,733,3.1,4.1,,Fats & Oils,Healthy Fat
Milk (2% Fat),100,gm,,55,2.1,5.5,3.4,لبن نص دسم ,جرام ,56,-,1.3,0.1,5,0.5,120,0.05,11,146,0.4,3.1,,Protein,Lean Protein
Brown Toast,100,Gram,,265,4.4,49,13,توست بني ,جرام,1,0,0,1.9,44,0.2,111,2.9,59,165,1.8,34.4,,Carbs,High-Carb
Mushrooms,100,gm,,22,0.3,3.3,3.1,مشروم,جرام,-,-,0.2,-,17,-,3,0.5,9,318,0.5,9.3,,Veg,Low-Carb
Zucchini,100,gm,,17,0.3,3.1,1.2,كوسة  قبل الطهي ,جرام,10,17.9,-,4.3,24,-,16,0.37,18,261,0.3,0.2,,Veg,Low-Carb
Olive Oil,100,gm,,884,100,0,0,زيت زيتون,جرام,-,-,-,60.2,-,-,1,0.54,-,1,0.02,0.4,,Fats & Oils,Healthy Fat
Grapes,100,gm,,69,0.2,18.1,0.7,عنب ,جرام,3,3.2,-,14.6,2,-,10,0.36,7,191,0.07,0.1,,Fruit,Low-Carb
Apple,100,gm,,52,0.2,14,0.3,تفاح,جرام,3,4.6,-,2.2,3,-,6,0.12,5,107,0.04,0.3,,Fruit,Low-Carb
Juhayna Greek Yoghurt 2%,100,gm,,50,0.2,3.611,8.333,زبادي يوناني ساده (جهينة) ٢٪ دهون,جرام,56,0.6,-,0.1,5,0.76,110,0.05,11,155,0.59,2.2,,Protein,Lean Protein
Cheddar Light - President,100,Gram,,254,18,2.1,22,جبنة شيدر لايت شرائح (بريزيدون),جرام,201,0,0.5,1.5,12,0.8,709,0.2,25,75,2.1,14.5,,Protein,Fatty Protein
Walnuts,100,gm,,650,65,14,15.5,عين جمل,جرام,1,1.3,-,2.7,98,-,98,2.9,158,441,3.1,4.9,,Fats & Oils,Healthy Fat
Green Beans,100,gm,,35,0.3,7.9,1.9,فاصوليا خضراء,جرام,35,16.3,-,14.4,33,-,37,1.03,25,209,0.24,0.6,,Veg,Low-Carb
Cashew,100,gm,,553,43.9,30.2,18.2,كاجو,جرام,-,-,-,34.1,25,-,37,6.7,292,660,5.8,19.9,,Fats & Oils,Healthy Fat
Oats,100,gm,,379,6.5,67.7,13.2,شوفان مطحون / دقيق الشوفان ,جرام,-,-,-,2,32,-,52,4.25,138,362,3.64,28.9,,Carbs,High-Carb
Avocado,100,gm,,160,14.7,8.5,2,أفوكادو,جرام,7,10,-,21,81,-,12,0.55,29,485,0.64,0.4,,Fruit,High-Fiber
Broccoli,100,gm,,34,0.4,6.6,2.8,بروكلي,جرام,31,89.2,-,101.6,63,-,47,0.73,21,316,0.41,2.5,,Veg,Low-Carb
Chia Seeds,100,gm,,486,30.7,42.1,16.5,بذور الشيا ,جرام,3,1.6,-,-,49,-,631,7.7,335,407,4.6,55.2,,Fats & Oils,Healthy Fat
Tomato,100,gm,,18,0.2,3.9,0.9,طماطم,جرام,42,13.7,-,7.9,15,-,10,0.27,11,237,0.17,-,,Carbs,Low-Carb
Onion,100,gm,,40,0.1,9.3,1.1,بصل ,جرام,-,7.4,-,0.4,19,-,23,0.21,10,146,0.17,0.5,,Veg,Low-Carb
Peas (cooked),100,gm,,83,0.22,15.55,5.33,بسلة (بعد الطهي),جرام,40,14,-,25.9,63,-,26,1.5,39,108,0.5,1.9,,Veg,Low-Carb
Oat Pasta (cooked),100,gm,,131,1.1,25,5,مكرونة شوفان (بعد الطهي),جرام,-,-,-,-,14,-,20,1.3,40,100,1,15,,Carbs,High-Carb
Macroni (cooked),100,gm,,131,1.1,25,5,مكرونة (بعد الطهي),جرام,-,-,-,0.1,8,-,11,0.3,23,44,0.5,26,,Carbs,High-Carb
Minced Molokhia,100,gm,,42,0.02,6.5,1.7,ملوخية ,جرام,125,2.5,-,-,80,-,200,1.5,54,584,0.71,0.9,,Veg,Low-Carb
Light Philadelphia Cheese,100,gm,,153,12,4.3,6,جبنة فلاديفيا لايت ,جرام,180,-,-,2.9,13,0.2,90,0.4,10,130,0.5,3,,Protein,Lean Protein
Turky Meat,100,gm,,170,5,2,29.2857,فصوص تركي ,جرام,10,-,0.2,-,8,0.4,32,1.4,30,330,2,30.7,,Protein,Lean Protein
Stewed Lean Meat (cooked),100,gm,,187,6.63,0,29.81,مكعبات لحمة حمراء (بعد الطهي),جرام,2,-,0.1,1.1,5,2.6,8,3.1,22,300,6.9,35,,Protein,Lean Protein
Tortilla Bread,100,Gram,,282,5,52.2,8,عيش تورتيلا (متوسط 50 جم للقطعة),جرام,,,,,5,,,20.8,2.4,4,1.8,2.8,,Carbs,High-Carb
Mango,100,gm,,65,0.3,17,0.5,مانجو,جرام,54,36.4,-,4.2,43,-,11,0.16,10,168,0.09,0.6,,Fruit,High-Carb
Cantaloupe,100,gm,,34,0.2,8.2,0.8,كانتلوب,جرام,169,36.7,-,2.5,21,-,9,0.21,12,267,0.18,0.4,,Fruit,Low-Carb
Pinapple,100,gm,,50,0.1,13.1,0.5,أناناس ,جرام,3,47.8,-,0.7,18,-,13,0.29,12,109,0.12,0.1,,Fruit,Low-Carb
Soybeans (cooked),100,gm,,175,9.1,10,16.5,فول صويا (بعد الطهي),جرام,1,6,-,19.1,58,-,277,15.7,86,436,1,17.8,,Protein,Lean Protein
Tilapia Fish (cooked),100,gm,,128,2.6,0,26.2,سمك بلطي (بعد الطهي),جرام,1,-,3.9,-,4,1.6,10,0.27,34,380,0.4,54.4,,Protein,Lean Protein
Lentils (cooked),100,gm,,140,0.5,23,12,عدس (بعد الطهي),جرام,-,1.5,-,1.7,181,-,19,3.3,36,369,1.3,2.8,,Carbs,High-Carb
Almond Milk,100,mL,,15,1,1.3,0.4,لبن لوز,جرام,50,-,1,-,-,-,50,0.16,6,17,0.06,0.2,,Protein,Lean Protein
Lupini Beans (cooked),100,gm,,119,2.9,10,16,ترمس (بعد الطهي),جرام,1,-,-,-,54,-,53,1.2,54,422,1.1,-,,Protein,Lean Protein
Tuna Light (Sunshine),100,gm,,103,0,1,23,تونة لايت (صن شاين),جرام,20,-,-,-,2,2.5,10,1.5,25,200,1,68.1,,Protein,Lean Protein
Tuna Salad Mexicana (Fisherman),100,gm,,141,6.7,6.8,11.4,سلطة تونةة مكسيكية (فيشر مان),جرام,25,4,-,10,20,1.2,30,1.2,30,250,0.8,40,,Packaged & Mixed Foods,Balanced Protein-Carb
Strawberry,100,gm,,32,0.3,7.7,0.7,فراولة,جرام,1,58.8,-,2.2,24,-,16,0.41,13,153,0.14,0.4,,Fruit,High-Carb
President Light Cheese,100,gm,,140,8,5,12,جبنة لايت اسبريد (بريزيدون),جرام,100,-,-,1.5,20,0.3,400,0.3,15,120,1,10,,Protein,Lean Protein
Whey Protein,100,Gram,,376,1,4.4,88.3,واي بروتين ,جرام,0,0,0,0,0,0.2,150,0.2,30,170,0.5,20,,Protein,Lean Protein
black Coffee,100,cup,,0,0,0,0,قهوة,كوب,-,-,-,-,-,-,-,-,-,-,-,-,,Sauces & Condiments,Low-Cal
Soy Milk,100,Gram,,42,1.5,3.8,2.5,لبن صويا ,جرام ,25,,1.2,,11,0.5,120,0.6,20,120,0.3,3,,Protein,Lean Protein
Fava Beans Boiled,100,gm,,116.5,0.4,20,8,فول مدمس مطبوخ,جرام,1,1,-,3.2,177,-,50,2.5,70,330,1,1.2,,Carbs,High-Carb
Coconut Oil,100,ml,,833,93.3,0,0,زيت جوز هند,جرام ,-,-,-,0.6,-,-,-,0.05,-,-,-,-,,Fats & Oils,Healthy Fat
Peanut Butter,100,gm,,598,50,22.5,22.5,زبدة فول سوداني,جرام,-,-,-,0.1,71,-,48,1.9,169,564,2.8,5.3,,Fats & Oils,Low-Carb
Limitless Vegan Protein,100,Gram,,393,0.8,9.5,82.5,بروتين نباتي (ليمتليس),جرام,,,,,,,,,,,,I don’t know,,Protein,Lean Protein
Whole Milk,100,ml,,63,3.4,5,3.2,لبن كامل الدسم,جرام ,46,-,1.3,0.3,5,0.4,121,0.03,10,143,0.37,3.7,,Protein,Fatty Protein
Whole Yogurt,100,gm,,70,3.1,6.2,4.4,زبادي كامل الدسم,جرام,27,0.5,-,0.1,7,0.37,121,0.05,12,155,0.59,2.2,,Protein,Fatty Protein
Beet Root,100,gm,,43,0.2,9.6,1.6,بنجر,جرام,2,4.9,-,0.2,109,-,16,0.8,23,325,0.35,0.7,,Veg,High-Carb
Brown Rice (cooked),100,gm,,124,1,26,3,أرز بني (بعد الطهي),جرام,-,-,-,-,9,-,3,0.56,39,79,0.71,5.8,,Carbs,High-Carb
Okra (cooked),100,gm,,22,0.2,4.5,2,بامية (بعد الطهي),جرام,23,16.3,-,41.9,46,-,77,0.36,31,135,0.41,0.7,,Veg,Low-Carb
Balady Bread,100,gm,,260,0.8,56,8,عيش بلدي,جرام,-,-,-,-,120,-,80,3,40,200,1.5,25,,Carbs,High-Carb
"Cherries, Red",100,gm,,50,0.3,12,1,كرز (أصفر),جرام,3,7,-,2.1,4,-,13,0.36,11,222,0.07,0.1,,Fruit,High-Carb
Carrot,100,gm,,41,0.2,10,0.9,جزر,جرام,835,5.9,-,13.2,19,-,33,0.3,12,320,0.24,0.1,,Veg,High-Carb
Spinach,100,gm,,23,0.4,3.6,2.9,سبانخ,جرام,469,28.1,-,482.9,194,-,99,2.71,79,558,0.53,1,,Veg,Low-Carb
Aubergine (Eggplant),100,gm,,25,0.2,6,1,باذنجان,جرام,1,2.2,-,3.5,22,-,9,0.23,14,229,0.16,0.3,,Veg,Low-Carb
Liver / Kebda (cooked),100,gm,,165,4.4,3.8,26,كبدة بقري (بعد الطهي),جرام,5927,1.3,1.2,106,290,25,6,4.9,18,313,4,55,,Protein,Lean Protein
Shrimps,100,gm,,99,0.3,0.2,24,جمبري ,جرام,15,-,-,0.2,4,1.66,70,0.5,39,259,1.6,39.7,,Protein,Lean Protein
Whole-Grain Wheat Flour,100,gm,,340,2.5,72,13.2,دقيق أبيض (كامل الحبة),جرام,-,-,-,0.3,44,-,34,3.6,137,363,2.6,61.8,,Carbs,High-Carb
Celery,,,,,,,,كرفس,جرام,22,3.1,-,29.3,36,-,40,0.2,11,260,0.13,0.4,,Veg,Low-Carb
Parsley,,,,,,,,بقدونس,جرام,421,133,-,1640,152,-,138,6.2,50,554,1.07,0.1,,Veg,Low-Carb
Honey & Dough Bread,100,gm,,300,4,57.5,10,عيش (Honey&Dough),جرام,0,0,0,0,0,0,0,0,0,0,0,0,,Carbs,High-Carb
Dates,100,gm,,282,0.4,75,2.5,بلح (تمر),جرام,7,0.4,-,2.7,19,-,39,1,43,656,0.29,3,,Fruit,High-Carb
Pear,100,gm,,57,0.1,15.2,0.4,كمثري,جرام,1,4.3,-,4.4,7,-,9,0.18,7,116,0.1,0.1,,Fruit,High-Carb
Sweet Potato (uncooked),100,gm,,86,0.1,20.1,1.6,بطاطا (فبل الطهي),جرام,709,2.4,-,1.8,11,-,30,0.61,25,337,0.3,0.6,,Carbs,High-Carb
Red Peas,100,gm,,98,2.4,14,6,فاصوليا حمراء,جرام,-,-,-,-,130,-,45,2.5,42,350,0.8,-,,Carbs,High-Carb
Orange Juice (Fresh),100,Gram,,45,0.2,10.4,0.7,عصير برتقال فريش,جرام,0.2,0.5,,0.0008,0.3,0.1,10.9,0.02,19.2,0.007,0.0008,,,Fruit,High-Carb
Peaches,100,gm,,39,0.3,9.5,0.9,خوخ,جرام,16,6.6,-,2.6,4,-,6,0.25,9,190,0.17,0.1,,Fruit,High-Carb
Coconut Milk,100,ml,,18,1.9,0.4,0.2,لبن جوزهند,جرام ,-,0.3,-,-,3,-,2,0.15,4,28,0.06,0.6,,Fats & Oils,Healthy Fat
Dreem Pure Cocoa,100,gm,,387,9,56.3,20.3,كاكاو خام (دريم),جرام,1,-,-,-,30,-,130,14,500,1500,7,14,,Sauces & Condiments,High-Carb
Lean Sirloin Steak,100,gm,,160,4.5,0,29.9,ستيك لحمة ,جرام,3,-,0.1,1.2,6,2.8,10,3.5,25,360,7.5,38,,Protein,Lean Protein
Asparagus,100,gm,,20,0.1,3.9,2.2,هليون,جرام,38,5.6,-,41.6,52,-,24,2.14,14,202,0.54,2.3,,Veg,Low-Carb
Fisherman Tuna (Zero Fat),100,gm,,116,0.8,0,25.5,تونة لايت (فيشر مان),جرام,20,-,-,-,2,2.5,10,1.5,25,200,1,68.1,,Protein,Lean Protein
Rice Cake,100,Gram,,387,2.8,81.5,8.2,كعك أرز,جرام,,,,,15,,30,1.5,120,300,2.5,20,,Carbs,High-Carb
Green Bell Peppers,100,gm,,20,0.2,4.6,0.9,فلفل أخضر بارد,جرام,18,80.4,-,7.4,10,-,10,0.3,10,175,0.1,0.1,,Veg,Low-Carb
Arugula,100,gm,,25,0.7,3.6,2.6,جرجير,جرام,119,15,-,108.6,97,-,160,1.46,47,369,0.92,-,,Veg,Low-Carb
Lettuce,100,gm,,15,0.1,2.9,1.4,خس ,جرام,370,9.2,-,126.3,38,-,36,0.86,13,194,0.18,0.6,,Veg,Low-Carb
Zero Treat Sauce,100,gm,,26.6,0,6.6,0,صوص لايت (زيرو تريت),جرام,0,0,0,0,0,0,0,0,0,0,0,0,,Sauces & Condiments,Low-Cal
Lean Beef Bacon,100,gm,,106,0,6,18,بييكون (مخلي من الدهون),جرام,2,-,0.1,-,2,0.6,8,0.7,15,250,2.5,20,,Protein,Lean Protein
Reef Oats Bread,100,Gram,,340,6,64,8,عيش شوفان (ريف),جرام,-,-,-,-,-,-,-,-,-,-,-,-,,Carbs,High-Carb
Oat Flour (Whole Grain),100,gm,,379,6.5,67.7,13.2,شوفان مطحون / دقيق الشوفان ,جرام,-,-,-,2,32,-,52,4.25,138,362,3.64,28.9,,Carbs,High-Carb
Red Bell Peppers,100,gm,,26,0.3,6,1,فلفل أحمر بارد,جرام,157,127.7,-,4.9,26,-,7,0.43,12,211,0.25,0.1,,Veg,Low-Carb
Green Onions,100,gm,,27,0.5,5.7,1,بصل أخضر,جرام,50,18.8,-,207,64,-,72,1.48,20,276,0.39,0.5,,Veg,Low-Carb
Greek Yogurt With Fruit,100,gm,,106,3,12.29,7.33,زبادي يوناني بالفواكه (جهينة),جرام,25,2,-,0.2,10,0.3,100,0.1,10,140,0.5,2,,Protein,Balanced Protein-Carb
Nutrifit Zero Treat Jam (Strawberry ),100,gm,,87,0,10,11.5,مربي لايت (زيرو تريت),جرام,1,58.8,-,2.2,24,-,16,0.41,13,153,0.14,0.4,,Packaged & Mixed Foods,Low-Cal
Tomato Sauce (Fresh),100,ml,,28.7,0.3,5.3,1.2,صلصلة طماطم ,جرام,35,10,-,4,12,-,15,0.5,15,250,0.2,-,,Sauces & Condiments,Low-Cal
Kiwi,100,gm,,61,0.5,14.7,1.1,كيوي,جرام,4,92.7,-,40.3,25,-,34,0.31,17,312,0.14,0.2,,Fruit,Low-Carb
Pomegranate,100,gm,,83,1.2,18.7,1.7,رمان,جرام,-,10.2,-,16.4,38,-,10,0.3,12,236,0.35,0.5,,Fruit,High-Carb
Danone Hipro,100,Gram,,72,1.5,6.9,7.7,هاي برو (دانون),جرام,,,1.9,,,0.4,185,,28,155,0.4,,,Protein,Lean Protein
Gourmet Beef Pizza,100,وحدة,,80000,1640,13200,2840,بيتزا لحم (جورمية),وحدة,0,0,0,0,0,0,0,0,0,0,0,0,,Packaged & Mixed Foods,Balanced Protein-Carb
Kellogg'S Corn Flakes,100,gm,,357,0.9,85.7,7.1,رقائق ذرة (كيلوجز),جرام,476,21.4,5.4,-,214,2.7,7,28.9,25,161,0.3,2.1,,Carbs,High-Carb
Cinnamon Toast Crunch,100,gm,,415,9.8,78.5,6.3,مقرمشات قرفة ,جرام,469,15,5,-,125,4.5,312,11.2,78,266,2.8,20,,Packaged & Mixed Foods,High-Carb
Atyab Chicken Strips,100,gm,,100,10,10,15,شرائح دجاج (أطياب),جرام,15,0.5,-,10,15,0.2,15,1,20,250,1,15,,Protein,Lean Protein
Feta Cheese,100,gm,,265,21.5,3.9,14.2,جبنة فيتا لايت (المراعي),جرام,125,-,0.4,1.8,32,-,493,0.65,19,62,2.88,15,,Protein,Lean Protein
Optimum Serious Mass,100,Gram,,375,1.4,75.4,15,سريس ماس (Optimum),جرام,75.2,9,0.8,0.1,60,0.15,88.8,1.2,63.2,221.3,0.23,10.5,,Packaged & Mixed Foods,High-Carb
Anabolic Iso Whey,100,Gram,,377,2.7,3,85,أيزو واي (Anabolic),جرام,83.3,,1.7,,4.1,,40,0.83,426.7,1.7,50,166.7,,Protein,Lean Protein
Orange,100,gm,,47,0.1,12,0.9,برتقال,جرام,11,53.2,-,-,30,-,40,0.1,10,181,0.07,0.5,,Carbs,High-Carb
Sante Granola Gold Nut&Honey.,100,gm,,460,18,61,9.8,جرانولا بالعسل و المكسرات (سانتي),جرام,-,1.2,-,-,25,-,40,3,100,280,2,8,,Carbs,High-Carb
Honey,100,Gram,,304,0,82,0.3,عسل,جرام,0,0.5,0,0,2,0,6,0.2,2,52,0.2,0.8,,Carbs,High-Carb
Chickpeas (cooked),100,gm,,175,2.7,29.3,9.8,حمص (بعد الطهي),جرام,1,1.3,-,2.6,172,-,49,2.9,115,291,1.5,3.7,,Carbs,High-Carb
President Cheese Feta Light,100,gm,,131,7,5,12,جبنة فيتا لايت (بريزيدون),جرام,120,-,-,1.5,25,0.3,420,0.3,15,110,1.1,12,,Protein,Lean Protein
White Beans,100,gm,,92,0,16,6.1,فاصوليا بيضاء,جرام,-,-,-,0.1,177,-,105,8.7,190,561,2.8,1.2,,Carbs,High-Carb
Bulgur (cooked),100,gm,,83,0.2,18.7,3.1,برغل (بعد الطهي),جرام,-,-,-,-,18,-,10,0.96,32,68,0.5,0.5,,Carbs,High-Carb
Blueberry,100,gm,,57,0.3,14.5,0.7,توت أزرق,جرام,3,9.7,-,19.3,6,-,6,0.28,6,77,0.16,0.1,,Fruit,Low-Carb
Juhayna Light Yogurt,100,gm,,51,1.5,5,3.4,زبادي لايت (جهينة),جرام,14,0.9,-,0.1,5,0.37,121,0.05,12,155,0.59,2.2,,Protein,Lean Protein
Pumpkin Seeds,100,gm,,446,19,54,19,لب أبيض,جرام,3,0.3,-,-,58,-,43,3.3,262,919,10.3,5.6,,Fats & Oils,Healthy Fat
Popcorn,100,gm,,387,4.5,78,13,فشار (ذرة بعد التحضير),جرام,12,-,-,0.3,30,-,10,2.9,144,329,3.75,9.5,,Carbs,High-Carb
Baguette,100,gm,,289,1.8,56,12,عيش فرنسي (باجيت),جرام,-,-,-,0.1,106,-,260,2.8,32,134,1.1,26.3,,Carbs,High-Carb
Romano Cheese,100,gm,,387,26.9,3.6,31.8,جبنة تركي,جرام,240,-,0.5,2.3,8,1.6,1064,0.8,41,187,4.4,14.5,,Protein,Fatty Protein
Mozzarella Cheese (Whole Milk),100,gm,,318,24.6,2.5,21.6,جبنة موزاريلا  ,جرام,179,-,0.4,2.3,7,0.8,505,0.4,20,104,2.9,17.5,,Protein,Fatty Protein
Brown Bread,100,gm,,265,3.2,48.3,10.7,عيش أسمر ,جرام,-,-,-,1.9,28,-,260,2.7,82,266,1.9,37.9,,Carbs,High-Carb
Vanilla Powder,100,Gram,,288,0.1,74.1,0.1,فانيلا (بودر),جرام,0,0,0,0,0,0,11,0.1,12,148,0.1,1.2,,Sauces & Condiments,Low-Cal
Blackberries,100,gm,,43,0.5,10,1.4,توت أسود,جرام ,11,21,-,19.8,25,-,29,0.62,20,162,0.53,0.4,,Fruit,Low-Carb
Sweet Corn (California Garden),100,gm,,78,0.77,13,3,ذرة حلوة (حدائق كاليفورنيا),جرام ,9,6.8,-,0.3,42,-,2,0.52,37,270,0.46,0.6,,Carbs,Fatty Protein
President Triangle Chesse,100,gm,,284,24,9,8,جبنة مثلثات (بريزيدون),جرام ,150,-,-,2.5,15,0.8,550,0.5,20,150,1.2,12,,Protein,Fatty Protein
Persimmon,100,gm,,70,0.2,18.6,0.6,جبنة بارميزان,جرام ,81,7.5,-,2.6,8,-,8,0.15,9,161,0.11,0.1,,Protein,Fatty Protein
Kiri Creamy Labneh,100,gm,,230,22,3,5.5,لبنة كريمي (كيري),جرام ,180,-,-,2.1,12,0.3,140,0.2,15,130,0.5,4,,Protein,Fatty Protein
Butter,100,gm,,717,81,0.1,0.9,زبدة,جرام ,684,-,1.5,7,3,0.17,24,0.02,2,24,0.09,1,,Fats & Oils,Healthy Fat
Diet Suger,100,gm,,0,0,0,0,سكر دايت ,جرام ,-,-,-,-,-,-,-,-,-,-,-,-,,Packaged & Mixed Foods,Low-Cal
Black-Eyed Beans (cooked),100,gm,,116,0.5,20.8,7.7,لوبيا (بعد الطبخ),جرام,1,0.4,-,4.9,206,-,27,2.7,53,288,1.4,2.4,,Carbs,High-Carb
Trident Chewing Gum,100,gm,,247,0.4,65,0.5,لبان بدون سكر (ترايدنت),جرام,-,-,-,-,-,-,-,-,-,-,-,-,,Packaged & Mixed Foods,Low-Cal
Juhayna Mix Chocolate Milk,100,Gram,,65,1.4,10.5,2.7,جهينة ميكس بالشيكولاتة ,جرام,41.8,0.4,1.2,2.7,4.5,0.4,110,0.8,11.8,129.5,0.3,3.4,,Packaged & Mixed Foods,Candy-like Snack
Reef Barley Bread,100,Gram,,340,6,64,8,عيش شعير (ريف),جرام,-,-,-,-,-,-,-,-,-,-,--,-,,Carbs,Healthy Fat
Pecans,100,gm,,690,72,14,9,بيكان,جرام ,29,1.1,-,3.5,22,-,70,2.5,121,410,4.5,3.8,,Fats & Oils,Healthy Fat
Corn,100,gm,,100,1.5,22,3.5,ذرة,جرام ,9,6.8,-,0.3,42,-,2,0.52,37,270,0.46,0.6,,Carbs,High-Carb
Mandarin Orange,100,gm,,47,0.1,12,0.9,يوسفي,جرام ,34,26.7,-,-,16,-,37,0.15,12,166,0.07,0.1,,Fruit,High-Carb
Abu Auf Peanut Butter With Chocolate,100,gm,,598,51,22,22,زبدة فول سوداني بالشيكولاتة (أبوعوف),جرام ,-,-,-,0.1,65,-,50,2.5,180,600,3,6,,Fats & Oils,Healthy Fat
Skimmed Milk,100,ml,,35,0.1,5.2,3.3,لبن خالي الدسم ,جرام ,58,-,1.3,0.1,5,0.5,123,0.03,11,157,0.4,3.2,,Protein,Lean Protein
Chicken Liver (cooked),100,gm,,106.75,4,0.5,15,كبدة دجاج (بعد الطهي),جرام ,3290,27.9,0.3,3.1,560,16.6,8,8.5,21,230,2.7,54.6,,Protein,Lean Protein
Mullet Fish (cooked),100,gm,,150,4.9,0,24.8,سمك بوري (بعد الطهي),جرام ,60,-,24.7,0.1,10,3,50,1,30,400,0.5,46.8,,Protein,Lean Protein
Sardine,100,gm,,195,10.4,0,25.3,سردين,جرام ,25,-,4.8,2.6,10,8.9,382,2.9,39,397,1.3,52.7,,Protein,Fatty Protein
Lizi'S Granola,100,gm,,450,17,44,27,جرانولا (ليزي),جرام ,-,-,-,-,40,-,60,4,120,400,3,10,,Carbs,High-Carb
Pumpkin (cooked),100,gm,,26,0.1,5.5,1,قرع عسل (بعد الطهي),جرام ,426,9,-,1.1,16,-,21,0.8,12,340,0.32,0.3,,Veg,Low-Carb
Halloumi Chesse,100,gm,,311,23.5,1.7,23.9,جبنة حلومي,جرام ,245,-,0.5,2,20,1.5,790,0.5,30,150,3.5,20,,Protein,Fatty Protein
President Burger Cheese Slices,100,gm,,262,19.8,8,13,جبنة شرائح برجر (بريزيدون),جرام ,200,-,0.4,2.5,15,1,600,0.3,25,140,2.5,15,,Protein,Fatty Protein
White Cheese,100,gm,,318,24.33,2.28,22.44,جبنة بيضاء عادية ,جرام ,240,-,0.5,2.5,20,1.5,700,0.5,30,130,3,15,,Protein,Fatty Protein
Black Honey,100,gm,,290,0,75,0,عسل أسود,جرام ,-,-,-,-,-,-,205,4.7,242,1464,0.29,17.8,,Carbs,High-Carb
Roast Beef,100,gm,,170,6,0,29,روست بيف,جرام ,2,-,0.1,1.1,5,2.6,8,3.1,22,300,6.9,35,,Protein,Lean Protein
Pastrami,100,gm,,147,6,0,22,بسطرمة,جرام ,3,-,0.1,1.2,4,2.7,7,3.5,20,280,5,30,,Protein,Lean Protein
White Sugar,100,gm,,387,0,100,0,سكر أبيض,جرام ,-,-,-,-,-,-,-,-,-,-,-,-,,Carbs,High-Carb
Sea Bream Fish (cooked),100,gm,,135,3.5,0,24.2,سمك دنيس (بعد الطهي),جرام ,50,-,20,0.1,5,2.5,40,1,30,400,0.5,40,,Protein,Lean Protein
Grouper Fish / Hamour (cooked),100,gm,,118,1.3,0,24.8,سمك هامور (بعد الطهي),جرام ,40,-,-,-,10,1.1,20,0.5,40,500,0.7,36.5,,Protein,Lean Protein
Cauliflower,100,gm,,25,0.3,5,1.9,قرنبيط,جرام ,-,48.2,-,15.5,57,-,22,0.42,15,299,0.27,0.6,,Veg,Low-Carb
Sea Bass Fish (cooked),100,gm,,124,2.6,0,23.6,سمك قاروص (بعد الطهي),جرام ,50,-,15,0.1,5,2.5,40,1,30,300,0.5,38,,Protein,Lean Protein
Cooked Rice (cooked),100,gm,,123,0.4,26,2.9,أرز (بعد الطهي),جرام ,-,-,-,-,58,-,10,0.2,12,35,0.4,9.7,,Carbs,High-Carb
Taro (cooked),100,gm,,112,0.2,26.46,1.5,قلقاس (بعد الطهي),جرام ,4,4.5,-,2.6,22,-,43,0.55,23,591,0.29,0.7,,Carbs,High-Carb
Nescafe Mix 2*1,100,sachet,,4700,280,520,30,نيسكافية 2*1,كيس,-,-,-,-,-,-,200,5,30,200,0.5,2,,Packaged & Mixed Foods,Candy-like Snack
Abu Auf Sahlab,100,Gram,,415,11.5,71,7,سحلب (أبو عوف),جرام,12,0.2,,0.5,8,0.1,210,1.1,45,220,0.8,3.5,,Packaged & Mixed Foods,High-Carb
Nesquik Cereal,100,gm,,383,4,75,7.7,رقائق أفطار (نسكويك),جرام ,467,20,5,-,200,2.5,267,10.7,70,250,2,15,,Carbs,High-Carb
Organic Nation Gainer,100,Gram,,390,2,73,20,جينير (Organic Nation),جرام,-,-,-,-,-,-,-,-,-,-,-,-,,Packaged & Mixed Foods,High-Carb
Redcon Isorope,100,Gram,,375,1.6,6.3,78.1,واي بروتين (Redcon Isorope),جرام,-,-,--,-,-,-,--,-,-,-,-,-,,Protein,Lean Protein
"Apple Juice, Fresh",100,Gram,,46,0.1,11.3,0.1,عصير تفاح فريش,جرام,1,0.5,0,0.1,1,0,4,0.1,4,101,0.04,0.1,,Fruit,High-Carb
Groundcherry,100,gm,,52,0.72,11,2,حرنكش,جرام ,36,11,-,-,-,-,13,1,40,270,0.2,0.6,,Fruit,Low-Carb
Almond Butter,100,gm,,614,56,19,21,زبدة لوز,جرام ,1,-,-,-,50,-,250,3.5,260,700,3,4,,Fats & Oils,Healthy Fat
Evolve Whey,100,Gram,,393,6.9,12.5,71.4,واي بروتين (Evolve),جرام ,-,-,-,-,--,-,-,-,-,-,-,-,,Protein,Lean Protein
Ghee,100,gm,,850,89.5,0,0.4,سمنة بلدي,جرام ,840,-,-,8.6,-,0.03,4,0.02,1,5,0.01,0.3,,Fats & Oils,Healthy Fat
Diet Cappuccino,100,sachet,,8413,272,1424,256,كابتشينو لايت,كيس,I don’t know,0,0,0,0,0,0,0,0,0,0,0,,Packaged & Mixed Foods,Candy-like Snack
Light Gouda Cheese,100,gm,,235,11.6,0,31,جبنة جودا لايت,جرام ,150,-,-,20,15,1.5,900,0.3,40,120,4,20,,Protein,Lean Protein
Guava,100,gm,,68,0,14.3,2.5,جوافة ,جرام ,31,228.3,-,2.2,49,-,18,0.26,22,417,0.23,0.6,,Fruit,High-Carb
Watermelon Juice,100,Gram,,30,0.2,7.6,0.6,بطيخ,جرام,28,8.1,0,0.1,3,0,7,0.2,10,112,0.1,0.4,,Fruit,Low-Cal
Cinnamon,100,Gram,,247,1.2,81,4,قرفة بودره,جرام,15,3.8,0,31.2,6,0,1002,8.3,60,431,1.8,3.1,,Sauces & Condiments,Low-Cal
Violife Vegan Mozzarella,100,slice,,5700,460,400,0,جبنة موزاريلا نباتي (Violife),شريحة,5400,-,100,50,-,-,1400,20,-,-,-,-,,Packaged & Mixed Foods,Balanced Protein-Carb
Lentil Kofta Not Fried,100,gm,,218,1,39,15,كفتة عدس نباتي (غير مقلية),جرام ,5,5,-,5,250,-,40,5,60,500,2,5,,Protein,Balanced Protein-Carb
Seitan Tenders Not Fried,100,gm,,138,1,14,19,قطع سيتان نباتي (غير مقلية),جرام ,-,-,-,-,15,-,20,3,30,150,1,10,,Protein,Lean Protein
Chicken Tenders Not Fried,100,gm,,149,1,13,20,شرائح دجاج نباتي (غير مقلية),جرام ,10,-,-,-,5,0.3,10,1,30,300,1.5,25,,Protein,Lean Protein
Egyptian Falafel Not Fried,100,gm,,214,2,35,15,طعمية مصرية (غير مقلية),جرام ,10,5,-,20,150,-,80,5,100,700,2,5,,Protein,Balanced Protein-Carb
Chicken Nuggets Not Fried,100,gm,,154,1,15,19,قطع دجاج نباتي (غير مقلية),جرام ,10,-,-,-,10,0.2,20,1,25,280,1.2,20,,Protein,Lean Protein
Las Vegan Meatballs,100,gm,,211,13.26,14.68,11.12,كرات لحم نباتي (Las Vegan),جرام ,0,0,0,0,0,0,0,0,0,0,0,0,,Protein,Balanced Protein-Carb
Juhayna Cooking Cream,100,ml,,265,27,3,2.5,كريمة طهي (جهينة),جرام ,250,0.5,-,2.5,3,0.1,80,0.1,8,100,0.2,1,,Protein,Healthy Fat
Las Vegan Minced Meat,100,gm,,230,17,9,13,لحمة مفرومة نباتي (Las Vegan),جرام ,0,0,0,0,0,0,0,0,0,0,0,0,,Protein,Fatty Protein
Las Vegan Kofta,100,Gram,,285,23,20,0,كفتة نباتي (Las Vegan),جرام,0,0,0,0,0,2.5,0,0,0,0,0,0,,Protein,Lean Protein
President Lite Mozzarella,100,gm,,308,19.1,6.7,0,جبنة موزاريلا لايت (بريزيدون),جرام ,180,-,-,2,7,0.8,600,0.4,20,100,2.5,15,,Protein,Lean Protein
Cottage Cheese,100,gm,,91,3.5,2.8,12,جبنة قريش,جرام ,37,-,0.1,-,9,0.4,83,0.08,8,104,0.4,9.7,,Protein,Lean Protein
Whole Grain Biscuits,100,Gram,,445,14.8,70.1,8.9,بسكويت ,جرام ,0,0,0,1.9,19,0,49,3.5,39,139,0.4,2.5,,Packaged & Mixed Foods,High-Carb
Rio Mare Mexican Salad,100,Gram,,195,13,9.5,10,سلطة تونة (ريو ماري),جرام ,18,3.1,0.6,12.5,12,0.8,50,0.8,20,156,0.5,25,,Packaged & Mixed Foods,Balanced Protein-Carb
Juhayna Lactose Free Milk,100,ml,,57,3,4.5,3,لبن خالي من اللاكتوز (جهينة),جرام ,45,-,1.2,0.3,5,0.4,120,0.03,10,140,0.35,3.5,,Protein,Lean Protein
White Bread,100,Gram,,265,3.2,49,9.1,توست أبيض,جرام ,0,0,0,0.3,41,0.1,141,1.2,25,115,0.7,19.6,,Carbs,High-Carb
Pistachio,100,gm,,562,45,28,20,فستق,جرام ,26,5.6,-,13.2,51,-,105,3.9,121,1025,2.2,7,,Fats & Oils,Healthy Fat
Shredded Coconut,100,gm,,354,33.75,12.5,3.75,جوز هند (بودرة),جرام ,-,3.3,-,0.2,26,-,14,2.4,32,356,1.1,10.1,,Fats & Oils,Fatty Protein
Foul Medemes,100,gm,,94,2.8,13,5.8,فول مدمس,جرام ,1,1,-,3,170,-,45,2.2,65,300,1,1,,Protein,Balanced Protein-Carb
Omega-3,100,capsule,,0,0,0,0,أوميجا-3,كبسول,-,-,-,-,-,-,-,-,-,-,-,-,,,
Genuphil Advance Saches,100,sachet,,0,0,0,0,جينوفيل أدفانس,كيس,-,-,-,-,-,-,-,-,-,-,-,-,,,
Vi-Drop,100,mL,,0,0,0,0,في-دروب,جرام ,75000,8000,1000,-,-,-,-,-,-,-,-,-,,,
Perfectil,100,tablet,,0,0,0,0,بيرفيكتيل,قرص,75000,6000,500,9000,50000,900,20000,1200,7500,-,1500,10000,,,
Creatine,100,scoop,,0,0,0,0,كرياتين,سكوب,-,-,-,-,-,-,-,-,-,-,-,-,,,
Centrum,100,capsule,,0,0,0,0,سنتروم,كبسول,105000,9000,2500,2500,40000,600,20000,1800,5000,8000,1100,5500,,,
Pre-Workout,100,scoop,,0,0,0,0,بري ووركاوت,سكوب,-,25000,-,-,40000,3500,-,-,-,-,-,-,,,
Multi-Vitamins,100,tablet,,0,0,0,0,مالتي فيتامين,قرص,90000,9000,1000,3000,40000,250,16200,1800,10000,8000,1500,2000,,,
Zinc,100,capsule,,0,0,0,0,زنك,كبسول,-,-,-,-,-,-,-,-,-,-,5000,-,,,
Magnesium,100,tablet,,0,0,0,0,ماغنيسيوم,قرص,-,-,-,-,-,-,-,-,40000,-,-,-,,,
Glutamine,100,mg,,0,0,0,0,جلوتامين,مجم,-,-,-,-,-,-,-,-,-,-,-,-,,,
Osteocare 400 Mg,100,capsule,,0,0,0,0,Osteocare 400 mg,كبسول,-,-,1000,-,-,-,80000,-,30000,-,1000,5000,,,
Chromax,100,capsule,,0,0,0,0,Chromax,كبسول,-,-,-,-,-,-,-,-,-,-,-,-,,,
Vitamin D,100,capsule,,0,0,0,0,Vitamin D,كبسول,-,-,25000,-,-,-,-,-,-,-,-,-,,,
"Beef (cooked ,stewed or broiled)",100,grams,,250,13,0,25,   لحم بقرى صافى مطهي,جرام,2,-,0.1,1.1,5,2.6,8,3.1,22,300,6.9,35,,Protein,Lean Protein
Roast beef,100,grams,,267,17.32,0,21.9,   الروست بيف لحم بارد,جرام,2,-,0.1,1.2,4,2.5,7,2.8,20,280,6.5,33,,Protein,Fatty Protein
Beef ground packaged frozen,100,grams,,202,12,5,18.3,   اللحم مفروم مجمد و نئ,جرام,2,-,0.1,1,3,2,6,2.5,18,250,5,28,,Protein,Balanced Protein-Carb
"Beef Ground 3% (cooked ,stewed or broiled)",100,grams,,151,3,0,27,اللحمة مفرومة 3% دسم مطهي,جرام,3,-,0.1,1.1,6,2.7,9,3.2,23,310,7,36,,Protein,Lean Protein
"Beef Ground 10% (cooked ,stewed or broiled)",100,grams,,214,10,0,27,اللحمة مفرومة 10% دسم مطهي,جرام,2,-,0.1,1.2,5,2.6,8,3,21,290,6.8,34,,Protein,Fatty Protein
Kofta,100,grams,,271,18,0,26,   الكفتة,جرام,3,-,0.1,1.2,5,2.6,25,3.2,22,300,7,35,,Packaged & Mixed Foods,Fatty Protein
Beef Shank Cooked,100,grams,,201,6.4,0,33,   اللحم موزة مطبوخ,جرام,2,-,0.1,1.1,5,3,9,3.5,24,320,7.5,38,,Protein,Lean Protein
“Veal leg top round boneless cooked grilled,100,grams,,128,2.2,0,27,   الفخذة بتلو مطبوخة,جرام,-,-,0.1,1,4,2.8,6,1.5,23,350,4.5,30,,Protein,Lean Protein
Full rump cooked broiled,100,grams,,168,2.7,0,33.7,   الوش الفخذة البقري مطبوخة,جرام,2,-,0.1,1.1,5,3,9,3.5,25,330,8,40,,Protein,Lean Protein
Rib steaks,100,grams,,354,29,0,23,   اللحم ريش مطبوخ,جرام,3,-,0.2,1.5,4,2.8,10,3,22,280,7,35,,Protein,Fatty Protein
Mortadella,100,grams,,311,25,3,16,   المرتدلا,جرام,15,-,0.5,2,10,1.5,50,2,20,250,3,25,,Packaged & Mixed Foods,Fatty Protein
Hot Dog Raw,100,grams,,289,26,4,10,   السوسيس – نقانق – هوت دوج قبل الطبخ,جرام,10,-,0.4,1.8,8,1.2,40,1.8,18,220,2.5,22,,Packaged & Mixed Foods,Fatty Protein
Sausages beef cooked,100,grams,,331,28,0,18,   السجق بقري مطبوخ,جرام,5,-,0.2,1.3,4,2,10,2.5,15,200,4,28,,Packaged & Mixed Foods,Fatty Protein
Sadia beef franks smoked raw,100,grams,,137,6.5,6.5,13,   الساديا نقانق بقري مدخنة نيئة,جرام,8,-,0.3,1.5,6,1,35,1.5,15,200,2,20,,Packaged & Mixed Foods,Fatty Protein
Deli meat smoked turkey breast,100,grams,,109,3,2.2,17.4,   اللانشون الرومي المدخن,جرام,8,-,0.2,-,6,0.3,25,1.2,25,280,1.8,28,,Packaged & Mixed Foods,Fatty Protein
Turkey Mortadella,100,grams,,109,3,2.2,17.4,   المرتدلا الديك الرومي,جرام,8,-,0.2,-,6,0.3,25,1.2,25,280,1.8,28,,Protein,Fatty Protein
Chicken Breast Raw Without Skin,100,grams,,110,1,0,23,   صدر دجاج نئ,جرام,5,-,-,0.1,4,0.3,5,0.4,28,370,0.7,20,,Protein,Lean Protein
"Chicken Breast (cooked ,stewed or broiled)",100,grams,,165,4,0,30,   صدر دجاج مطهي,جرام,6,-,-,-,4,-,15,1,29,256,1,22,,Protein,Lean Protein
Squab Pigeon cooked,100,grams,,141,5.1,0.3,21.8,   الحمام مطبوخ بدون زيت,جرام,100,7.2,0.5,3,6,0.4,13,4.5,25,237,2.7,13.5,,Protein,Lean Protein
Frozen Chicken Burger Raw,100,grams,,240,16,5.5,17,   البرجر دجاج نئ مجمد,جرام,12,-,-,0.2,8,0.3,40,1.5,20,250,1.5,18,,Packaged & Mixed Foods,Balanced Protein-Carb
Chicken breast breaded fried,100,grams,,270,16.5,9.4,21.7,   صدور دجاج بانيه مقلية,جرام,15,-,0.1,0.5,10,0.3,20,1.2,25,280,1.2,20,,Packaged & Mixed Foods,Fatty Protein
"Chicken Broth , Soup",100,grams,,16,0.6,0.5,2,   شوربة الدجاج,جرام,2,-,-,-,1,0.1,5,0.2,4,80,0.2,2,,Packaged & Mixed Foods,Low-Carb
Beef broth soup,100,grams,,88,4,0,9,   شوربة لحم أحمر,جرام,1,-,0.1,-,2,1,4,1.5,8,150,2,15,,Packaged & Mixed Foods,Low-Carb
"Chicken Leg (cooked ,stewed or broiled)",100,grams,,212,12.28,0,23.68,   ورك – رجل دجاج مطهي,جرام,18,-,0.1,0.2,5,0.4,12,1.3,23,230,2.5,25,,Protein,Lean Protein
"Duck Breast (cooked ,stewed or broiled)",100,grams,,133,2.38,0,26.22,   صدر بط مطهي,جرام,27,-,0.2,5.1,2,0.4,10,2.5,25,300,2,22,,Protein,Lean Protein
"Duck Leg (cooked ,stewed or broiled)",100,grams,,178,5.96,0,29.1,   ورك بط مطهي,جرام,30,-,0.2,5.5,2,0.4,12,2.8,28,320,2.2,24,,Protein,Lean Protein
"Turkey breast (cooked , stewed or broiled)",100,grams,,135,0.74,0,30,   صدر ديك رومي مطهي,جرام,10,-,0.2,-,8,0.4,32,1.4,30,330,2,30.7,,Protein,Lean Protein
"Turkey thighs (cooked , stewed or broiled)",101,grams,,196,13.4,0,17,   فخذ ديك رومي مطهي,جرام,12,-,0.2,-,7,0.4,13,2,22,230,2.5,28,,Protein,Lean Protein
"Turkey wings (cooked , stewed or broiled)",102,grams,,227,12,0,27,   جناح ديك رومي مطهي,جرام,25,-,0.2,-,6,0.4,15,1.8,25,250,2.8,32,,Protein,Lean Protein
Rabbit Meat Cooked Roasted,100,grams,,197,8,0,29,   لحم أرانب مطبوخ,جرام,1,-,-,1.1,1,1.1,20,2.3,22,350,2.2,38.4,,Protein,Lean Protein
Americana Beef Shawerma,100,grams,,185,8.55,3.2,24.5,   شاورما بقري أمريكانا,جرام,2,-,0.1,1,5,2.5,20,3,20,280,6,30,,Packaged & Mixed Foods,Balanced Protein-Carb
Americana Chicken Shawerma,100,grams,,192,12,5,16,   شاورما دجاج أمريكانا,جرام,15,-,-,0.2,10,0.3,30,1,22,260,1.5,20,,Packaged & Mixed Foods,Balanced Protein-Carb
Eggs Whole,100,grams,,147,9.94,0.77,12.58,   بيض مسلوق أو مقلي بدون زيت,جرام,149,-,2.2,0.3,47,1.1,56,1.8,12,138,1.3,30.8,,Protein,Lean Protein
Egg Whites,100,grams,,52,0.2,0.7,10,   بياض البيض فقط,جرام,-,-,-,-,1,-,7,0.1,11,163,0.1,19,,Protein,Lean Protein
Eggology Egg Whites,100,grams,,52.156,0,0.884,10.608,   بياض بيض إيجولوجي,جرام,-,-,-,-,1,-,7,0.1,11,163,0.1,19,,Protein,Lean Protein
Luncheon,100,grams,,216,14,4,18,   اللانشون,جرام,10,-,0.4,1.5,8,1.2,45,1.8,18,230,2.5,22,,Packaged & Mixed Foods,Fatty Protein
Pepperoni,100,grams,,494,44,0,23,   البيبروني,جرام,20,1,0.5,2,12,2,60,2.5,25,280,3.5,30,,Packaged & Mixed Foods,Fatty Protein
Pastrami,100,grams,,105,1.5,0.2,22.7,   البسطرمة,جرام,3,-,0.1,1.2,4,2.7,7,3.5,20,280,5,30,,Protein,Lean Protein
Lamb liver raw,100,grams,,139,5,1.8,20,   كبد غنم نئ,جرام,7690,4,0.4,90,260,76.5,7,8.8,20,300,4.2,120,,Protein,Lean Protein
"Beef Liver (cooked ,stewed or broiled)",100,grams,,191,5,5,29,   كبدة مطهية,جرام,9193,1.3,1.2,106,290,83.1,6,4.9,18,313,4,55,,Protein,Lean Protein
"Chicken Liver (cooked ,stewed or broiled)",100,grams,,167,6.5,1,24.5,   كبدة دجاج مطهية,جرام,3290,27.9,0.3,3.1,560,16.6,8,8.5,21,230,2.7,54.6,,Protein,Lean Protein
"Chicken Heart (cooked ,stewed or broiled)",100,grams,,185,7.9,0,26.5,   قلوب دجاج مطهية,جرام,100,2.1,0.4,-,72,7.3,16,6.3,17,200,7,30,,Protein,Lean Protein
Chicken Gizzared Cooked,100,grams,,154,2.7,0,30.1,   قوانص دجاج مطهية,جرام,80,4.5,0.1,-,5,1.1,10,3.2,20,210,4.4,45,,Protein,Lean Protein
Alyoum Chicken Premium Chicken Kabab,100,grams,,176,8.9,6.3,17.5,   اليوم كباب الدجاج الفاخر,جرام,0,0,0,0,0,0,0,0,0,0,0,0,,Packaged & Mixed Foods,Balanced Protein-Carb
Salami,100,grams,,336,26,1,22,   السلامي,جرام,18,-,0.4,2,10,1.8,50,2.2,22,260,3,28,,Packaged & Mixed Foods,Fatty Protein
Tuna Canned in Oil Drained,100,grams,,198,8,0,29,   تونة مصفاة من الزيت,جرام,22,-,1.7,0.1,2,2.2,10,1,30,250,1.1,80,,Protein,Lean Protein
Tuna canned in oil undrained,100,grams,,290,23.2,0,20.8,   تونة  الزيت غير مصفاة,جرام,20,-,1.5,0.1,2,2,8,0.9,28,230,1,75,,Protein,Fatty Protein
Tuna Canned in Water Drained,100,grams,,116,1,0,26,   تونة مصفاة من الماء,جرام,18,-,1.6,0.1,2,2.1,8,0.8,28,240,1,78,,Protein,Lean Protein
Goody Light meat Tuna Sunflower Oil,100,grams,,207,10.4,0,28.3,   تونة قودي زيت عباد شمس مصفاة,جرام,22,-,1.7,0.1,2,2.2,10,1,30,250,1.1,80,,Protein,Lean Protein
John West Tuna drained,100,grams,,180,8,0,27,   تونا جون ويست مصفاة,جرام,20,-,1.7,0.1,2,2.2,10,1,30,250,1.1,80,,Protein,Lean Protein
Tuna rio marie olive oil,100,grams,,360,32,0,18,   تونا ريو ماري  زيت زيتون,جرام,18,-,1.5,0.1,2,2,8,0.9,25,220,1,70,,Protein,Fatty Protein
John West Spreadables Tuna Mediterranean,100,grams,,184,12,5.5,13,   تونة جون ويست البحر المتوسط,جرام,15,2,1,0.2,5,1.5,20,0.8,25,200,0.8,60,,Packaged & Mixed Foods,Balanced Protein-Carb
Canned Anchovy Drained,100,grams,,210,9.71,0,28.89,   سمك انشوجة معلب,جرام,50,-,1.7,0.1,10,0.6,232,4.6,41,383,1.7,68.1,,Protein,Fatty Protein
Canned Salmon Drained,100,grams,,144,6.28,0,20.5,   سمك سلمون معلب مصفى,جرام,12,-,12.3,0.4,4,3.3,205,0.8,27,330,0.6,36.5,,Protein,Fatty Protein
Carrefour canned salmon,100,grams,,170,10,1.7,20,   كارفور سلمون معلب,جرام,15,-,12,0.4,4,3.3,210,0.8,28,340,0.6,38,,Protein,Fatty Protein
Nile Perch Fish Raw,100,grams,,82,0,2,17,   سمك قشر البياض نئ,جرام,10,-,-,-,5,1,20,0.5,25,300,0.5,30,,Protein,Lean Protein
Basa fillet cooked,100,grams,,107,1,0,21,   ليه سمك الباسا مطبوخ,جرام,15,-,-,-,4,1.2,15,0.3,22,280,0.4,28,,Protein,Lean Protein
Gilt-Head bream cooked,100,grams,,88,1,0,20,   سمك دينيس مشوي,جرام,45,-,20,0.1,5,2.5,40,1,30,400,0.5,40,,Protein,Lean Protein
"Mullet Fish (cooked ,stewed or broiled)",100,grams,,150,4.86,0,24.81,   سمك بورى مطهي,جرام,60,-,24.7,0.1,10,3,50,1,30,400,0.5,46.8,,Protein,Lean Protein
"Tilapia Fish (cooked ,stewed or broiled)",100,grams,,128,3,0,26,   سمك بلطى مطهي,جرام,1,-,3.9,-,4,1.6,10,0.27,34,380,0.4,54.4,,Protein,Lean Protein
"Salmon (cooked ,stewed or broiled)",100,grams,,171,7.56,0.49,24,   سمك سالمون مطهي,جرام,13,-,10.9,0.5,25,2.6,15,0.4,29,360,0.4,36.5,,Protein,Fatty Protein
Parrot Fish cooked,100,grams,,150,2,0,28,   سمك الببغاء مطهي,جرام,40,-,-,-,8,1.5,30,0.8,35,350,0.6,40,,Protein,Lean Protein
Seabream cooked,100,grams,,77,1,0,17,   سمك الكوفر مطهي,جرام,45,-,20,0.1,5,2.5,40,1,30,400,0.5,40,,Protein,Lean Protein
Russian Zander Fish,100,grams,,84,1,0,18,   سمك قشر بياض نئ,جرام,20,-,-,-,6,1.8,25,0.6,28,320,0.8,35,,Protein,Lean Protein
"Shrimps (cooked ,stewed or broiled)",100,grams,,154,5.03,1.17,24.47,   جمبرى مطهي,جرام,15,-,-,0.2,4,1.66,70,0.5,39,259,1.6,39.7,,Protein,Lean Protein
Supreme Fish cooked,100,grams,,88,1,4,16,   سمك سوبريم مطبوخ,جرام,40,-,20,0.1,5,2.5,40,1,30,400,0.5,40,,Protein,Lean Protein
Red Emperor Fish Raw,100,grams,,110,1,0,20,   سمك شعري نئ,جرام,30,-,-,-,6,1.2,25,0.5,30,350,0.5,35,,Protein,Lean Protein
Fish Carp cooked dry heat,100,grams,,162,7,0,23,   سمك الكارب مشوي,جرام,20,-,24.7,0.1,8,1.5,50,1.5,35,350,1.5,12.8,,Protein,Lean Protein
Grouper Fish Raw,100,grams,,92,1,0,19,   سمك الهامور نئ,جرام,40,-,-,-,10,1.1,20,0.5,40,500,0.7,36.5,,Protein,Lean Protein
Grouper fish cooked dry heat,100,grams,,118,1,0,25,   سمك هامور مطبوخ,جرام,40,-,-,-,10,1.1,20,0.5,40,500,0.7,36.5,,Protein,Lean Protein
"Squid (cooked ,stewed or broiled)",100,grams,,105,1.6,3.5,17.9,   سبيط او كاليماري مطهي,جرام,10,4.7,-,-,5,1.3,32,0.7,33,246,1.5,44.7,,Protein,Lean Protein
Spanish Mackerel cooked dry heat,100,grams,,158,6,0,24,   سمك كنعد مشوي,جرام,45,1.2,15.8,7.8,2,13,12,1.4,35,400,0.5,42.1,,Protein,Lean Protein
Mackerel Atlantic Raw,100,grams,,205,13.9,0,18.6,   سمك ماكريل محيط أطلنطي نئ,جرام,40,1,15.3,7.8,1,8.7,15,1.6,76,314,0.6,44.1,,Protein,Fatty Protein
Crab (raw),100,grams,,86,1,59,17,   الكابوريا,جرام,1,7,-,0.1,43,2,59,2.9,41,292,3.5,25.7,,Protein,Lean Protein
Lizard Fish Cooked,100,grams,,93,0.8,0,20.1,   سمك المكرونة مطبوخ,جرام,30,-,-,-,5,1,25,0.6,28,320,0.5,30,,Protein,Lean Protein
Red Bream fish,100,grams,,143,5,1,23,   سمك المرجان,جرام,50,-,20,0.1,5,2.5,40,1,30,400,0.5,40,,Protein,Lean Protein
"Fish, herring, Atlantic, pickled",100,grams,,262,18,3,14,   رنجة من المحيط الأطلسى (مملح),جرام,15,-,16.1,8,10,13.7,77,1.1,35,320,1,46,,Protein,Fatty Protein
Sea Bass Cooked Broiled,100,grams,,148,5.8,0.5,22.1,   سمك القاروص مطبوخ,جرام,50,-,15,0.1,5,2.5,40,1,30,300,0.5,38,,Protein,Lean Protein
Canned Sardines with bones,100,grams,,208,12,0,24,   سردين معلب بالعظام مصفى,جرام,25,-,4.8,2.6,10,8.9,382,2.9,39,397,1.3,52.7,,Protein,Fatty Protein
Sardine canned in oil undrained,100,grams,,298,25,0,19,   سردين معلب  الزيت غير مصفى,جرام,22,-,4.5,2.5,8,8.5,350,2.8,35,380,1.2,50,,Protein,Fatty Protein
Sardine Whole cooked,100,grams,,199,11,0,24,   سردين كامل مطبوخ,جرام,22,-,4.5,2.5,8,8.5,350,2.8,35,380,1.2,50,,Protein,Fatty Protein
Morrison Sardines with Tomato Sauce,100,grams,,139,7,1,17,   سردين معلب موريسون بصوص الطماطم,جرام,100,5,4,2,20,8,400,3,40,400,1.5,50,,Packaged & Mixed Foods,Balanced Protein-Carb
Caviar,100,grams,,264,18,4,25,   الكاار أو البطارخ,جرام,271,1.6,5.8,0.6,50,20,275,11.9,300,181,1,65.5,,Protein,Fatty Protein
Greek yogurt,100,grams,,87,3,13,7,   زبادي يوناني,جرام,27,0.5,-,0.1,7,0.37,121,0.05,12,155,0.59,2.2,,Packaged & Mixed Foods,Balanced Protein-Carb
Low Fat Greek Yogurt,100,grams,,59,1,4,11,   زبادي يوناني خالي الدسم,جرام,30,0.6,-,0.1,5,0.76,110,0.05,11,155,0.59,2.2,,Protein,Lean Protein
Milk Full Cream,100,grams,,60,3,5,3,   حليب كامل الدسم,جرام,46,-,1.3,0.3,5,0.4,121,0.03,10,143,0.37,3.7,,Packaged & Mixed Foods,Balanced Protein-Carb
Milk Reduced Fat,100,grams,,50,1.97,4.68,3.3,   حليب نصف دسم,جرام,56,-,1.3,0.1,5,0.5,120,0.05,11,146,0.4,3.1,,Packaged & Mixed Foods,Balanced Protein-Carb
Milk Skimmed,100,grams,,35,0.2,5,3,   حليب خالى الدسم,جرام,58,-,1.3,0.1,5,0.5,123,0.03,11,157,0.4,3.2,,Protein,Lean Protein
Al Ain reduced fat milk,100,grams,,44,3,4.8,3.2,   حليب العين قليل الدسم معزز بالتامينات,جرام,56,-,1.3,0.1,5,0.5,120,0.05,11,146,0.4,3.1,,Packaged & Mixed Foods,Balanced Protein-Carb
Joya flavoured soya milk Vanilla,100,grams,,60,2,8,3,   حليب صويا بنكهة الفانيليا جويا,جرام,25,-,1.2,-,11,0.5,120,0.6,20,120,0.3,3,,Packaged & Mixed Foods,Balanced Protein-Carb
Camel Milk Full cream,100,grams,,46,2,5,3,   حليب الإبل كامل الدسم,جرام,30,3,0.7,-,5,0.4,120,0.1,15,150,0.4,4,,Packaged & Mixed Foods,Balanced Protein-Carb
Almond Milk Fortfied,100,grams,,25,1,3.3,0.4,   حليب لوز مدعم,جرام,50,-,1,-,-,-,50,0.16,6,17,0.06,0.2,,Packaged & Mixed Foods,Low-Cal
Nestle sweet condensed milk,100,grams,,325,8,56.4,6.9,   نستلة حليب مكثف محلى,جرام,80,2,0.2,0.5,10,0.3,250,0.2,25,350,1,15,,Sauces & Condiments,Candy-like Snack
Condensed milk unsweetned,100,grams,,144,8,11,6.9,   حليب مكثف غير محلى,جرام,85,1,1,0.4,8,0.3,260,0.1,22,300,0.8,12,,Sauces & Condiments,Balanced Protein-Carb
Arla Protein yogurt,100,grams,,62,0.5,9.7,4.1,   زبادي عالي البروتين أرلا,جرام,30,0.6,-,0.1,5,0.76,110,0.05,11,155,0.59,2.2,,Protein,Lean Protein
Roamy Cheese,100,grams,,374,30,1,25,   الجبنة الرومى,جرام,240,-,0.5,2.3,8,1.6,1064,0.8,41,187,4.4,14.5,,Fats & Oils,Fatty Protein
Cheddar Cheese,100,grams,,403,33.14,1.28,24.9,   جبنة شيدر,جرام,263,-,0.6,2.1,18,0.8,721,0.68,28,98,3.1,14.5,,Fats & Oils,Fatty Protein
Edam Cheese,100,grams,,356,28,1.4,25,   جبنة فلمنك,جرام,220,-,0.4,2.3,15,1.5,731,0.4,30,188,4,14.5,,Fats & Oils,Fatty Protein
Marai Cheddar Cheese Slices,100,grams,,270,22,3,15,   المراعي شرائح جبن شيدر,جرام,200,-,0.4,2,12,1,600,0.3,25,150,2.5,12,,Packaged & Mixed Foods,Fatty Protein
Low Fat Cheddar Cheese,100,grams,,173,7,1.91,24.9,   جبنة شيدر قليلة الدسم,جرام,150,-,0.3,1.5,15,1.2,800,0.5,30,120,3.5,15,,Protein,Lean Protein
Maraai Low Fat Cheddar Cheese,100,grams,,257,19,2,19,   جبنة المراعي شيدر قليلة الدسم,جرام,180,-,0.3,1.8,14,1.1,700,0.4,28,140,3,14,,Packaged & Mixed Foods,Balanced Protein-Carb
Marai Cheese Slices Fat free,100,grams,,145,1.5,9,21,   شرائح جبن المراعي خالية الدسم,جرام,120,-,0.2,1,12,1,850,0.5,30,150,3.2,15,,Protein,Lean Protein
Mersin White Cheese,100,grams,,225,20,3,5,   جبنة بيضاء مرسين,جرام,200,-,0.5,2,20,1.5,700,0.5,30,130,3,15,,Fats & Oils,Fatty Protein
Turkish Labneh Lite,100,grams,,173,12.5,7,8.2,   لبنة تركي لايت,جرام,100,-,-,1.5,15,0.5,250,0.2,20,200,1,8,,Protein,Lean Protein
Hungarian Cheese,100,grams,,210,18,3,9,   جبنة هنغارية,جرام,180,-,0.4,1.8,15,1.2,600,0.4,25,120,2.5,12,,Fats & Oils,Fatty Protein
Ricotta cheese,100,grams,,174,13,3,11,   جبنة ريكوتا,جرام,115,-,0.1,0.3,12,0.2,207,0.38,11,155,0.4,14.5,,Packaged & Mixed Foods,Balanced Protein-Carb
Frico Edam light,100,grams,,317,24,0,26,   جبنة فريكو إيدام,جرام,200,-,0.4,2,15,1.5,800,0.4,30,160,4.2,15,,Fats & Oils,Fatty Protein
Feta Cheese,100,grams,,264,21.28,4.09,14.21,   الجبنة التا,جرام,125,-,0.4,1.8,32,-,493,0.65,19,62,2.88,15,,Fats & Oils,Fatty Protein
Low Fat Feta Cheese,100,grams,,176,13.1,2.5,15.1,   جبنة تا قليلة الدسم,جرام,120,-,-,1.5,25,0.3,420,0.3,15,110,1.1,12,,Protein,Lean Protein
Marai low fat feta cheese,100,grams,,184,11.6,5.3,14.5,   جبنة تا قليلة الدسم المراعي,جرام,120,-,-,1.5,25,0.3,420,0.3,15,110,1.1,12,,Protein,Lean Protein
Domy Feta light,100,grams,,150,11.424,5.712,15.708,   دومتي جبنة تا لايت,جرام,120,-,-,1.5,25,0.3,420,0.3,15,110,1.1,12,,Protein,Lean Protein
Cottage Cheese,100,grams,,103,4.51,2.68,12.49,   الجبنة القريش,جرام,37,-,0.1,-,9,0.4,83,0.08,8,104,0.4,9.7,,Protein,Lean Protein
Light Cottage Cheese,100,grams,,60,1,3,11,   جبنة قريش قليلة الدسم,جرام,40,-,0.1,-,10,0.5,90,0.1,9,110,0.5,10,,Protein,Lean Protein
Cream Cheese,100,grams,,349,34.87,2.66,7.55,   جبنة مثلثات,جرام,368,-,0.6,2.9,13,0.2,98,0.4,10,130,0.5,3,,Packaged & Mixed Foods,Balanced Protein-Carb
Light Cream Cheese,100,grams,,188,14.1,6.3,9.4,   جبنة مثلثات لايت,جرام,180,-,-,2.9,13,0.2,90,0.4,10,130,0.5,3,,Packaged & Mixed Foods,Balanced Protein-Carb
Mozzarella Full Cream,100,grams,,318,24.64,2.47,21.6,   جبنة موتزريلا كاملة الدسم,جرام,179,-,0.4,2.3,7,0.8,505,0.4,20,104,2.9,17.5,,Fats & Oils,Fatty Protein
Mozzarella low Fat,100,grams,,254,15.92,2.77,24.26,   جبنة موتزريلا خالية الدسم,جرام,180,-,-,2,7,0.8,600,0.4,20,100,2.5,15,,Protein,Lean Protein
Halloumi Full Cream,100,grams,,316,24.7,1.6,20,   جبنة حلوم كاملة الدسم,جرام,245,-,0.5,2,20,1.5,790,0.5,30,150,3.5,20,,Fats & Oils,Fatty Protein
Halloumi Low Fat,100,grams,,253,16,3,24,   جبنة حلوم خالية الدسم,جرام,200,-,0.4,1.8,18,1.4,850,0.5,32,160,3.8,22,,Protein,Lean Protein
Marai Halloumi Low Fat,100,grams,,253,17,2,23,   جبنة المراعي حلوم قليلة الدسم,جرام,200,-,0.4,1.8,18,1.4,850,0.5,32,160,3.8,22,,Protein,Lean Protein
Marai Low fat Cheddar spread,100,grams,,260,21.5,5,11.5,   المراعي جبن شيدر قابل للدهن قليلة الدسم,جرام,180,-,0.3,1.8,14,1.1,700,0.4,28,140,3,14,,Packaged & Mixed Foods,Balanced Protein-Carb
Puck low fat white cheese,100,grams,,160,8,5,15,   جبنة بوك بيضاء قليلة الدسم,جرام,100,-,-,1.5,20,0.3,400,0.3,15,120,1,10,,Packaged & Mixed Foods,Balanced Protein-Carb
Philadelphia light soft cheese,100,grams,,128,8.8,5,6.6,   جبنة لاديلا لايت,جرام,180,-,-,2.9,13,0.2,90,0.4,10,130,0.5,3,,Packaged & Mixed Foods,Balanced Protein-Carb
Labneh Diet,100,grams,,62,1.5,1.2,11,   لبنة دايت ,جرام,100,-,-,1.5,15,0.5,250,0.2,20,200,1,8,,Protein,Lean Protein
Pinar traditional white cheese,100,grams,,260,21,4,14,   جبنة بينار بيضاء,جرام,200,-,0.5,2,20,1.5,700,0.5,30,130,3,15,,Fats & Oils,Fatty Protein
Bahcivan white cheese,100,grams,,298,26,1,15,   باهسيفان جبنة بيضاء,جرام,220,-,0.5,2.2,22,1.6,720,0.5,32,140,3.2,16,,Fats & Oils,Fatty Protein
Buttermilk,100,grams,,60,3,5,3,   اللبن الرائب,جرام,46,-,1.3,0.3,5,0.4,121,0.03,10,143,0.37,3.7,,Packaged & Mixed Foods,Low-Cal
Milk cream,100,grams,,345,37,2.8,2.1,   القشطة,جرام,350,0.6,1.2,3.4,3,0.2,68,0.05,7,93,0.2,1,,Fats & Oils,Healthy Fat
Light Cream,100,grams,,195,19.31,3.66,2.7,   قشطة لايت,جرام,180,0.5,0.6,1.5,2,0.1,70,0.04,6,100,0.15,0.8,,Fats & Oils,Healthy Fat
Yogurt Full cream,100,grams,,95,2.7,13,2.9,   الزبادى كامل الدسم,جرام,27,0.5,-,0.1,7,0.37,121,0.05,12,155,0.59,2.2,,Packaged & Mixed Foods,Balanced Protein-Carb
Yogurt Reduced fat,100,grams,,63,2,7,5,   الزبادي قليل الدسم,جرام,30,0.6,-,0.1,5,0.76,110,0.05,11,155,0.59,2.2,,Packaged & Mixed Foods,Balanced Protein-Carb
Marai Yogurt Low Fat,100,grams,,57,1.1,7,4.6,   الزبادي المراعي قليل الدسم,جرام,14,0.9,-,0.1,5,0.37,121,0.05,12,155,0.59,2.2,,Packaged & Mixed Foods,Balanced Protein-Carb
Marai Yoghurt Skim Milk,100,grams,,44,0.3,6.3,5.6,   الزبادي المراعي خالي الدسم,جرام,15,1,-,0.1,6,0.4,130,0.06,13,160,0.6,2.5,,Protein,Lean Protein
Marai Vital fresh milk,100,grams,,50,1.4,4.8,3.1,   حليب المراعي تال لايت,جرام,56,-,1.3,0.1,5,0.5,120,0.05,11,146,0.4,3.1,,Packaged & Mixed Foods,Balanced Protein-Carb
Yoplait Yogurt Mixed Berries Low Fat,100,grams,,91.6,0.9,16.8,4.1,   الزبادي يوبليه قليل الدسم فراولة و توت,جرام,5,2,-,0.1,6,0.5,120,0.1,10,150,0.6,2,,Protein,Balanced Protein-Carb
Danette Chocolate Pudding,100,grams,,140,4.6,23,2.1,   دانيت شيكولاتة بودينج,جرام,30,0.2,-,0.2,3,0.1,90,0.5,15,160,0.4,1.5,,Packaged & Mixed Foods,Candy-like Snack
Fage yogurt 2% fat,100,grams,,75,2,4,10,زبادي ج 2% دسم,جرام,25,-,-,-,5,0.7,110,-,11,150,0.5,2,,Packaged & Mixed Foods,Lean Protein
Icecream,100,grams,,207,11,21,3.5,   الآيس كريم,جرام,110,0.6,0.2,0.1,4,0.4,128,0.1,10,199,0.4,2.2,,Packaged & Mixed Foods,Candy-like Snack
Cheesecake,100,grams,,321,1.6,26,6,   الشيز كيك,جرام,150,1,0.3,2,15,0.3,100,1,15,150,0.5,5,,Packaged & Mixed Foods,Candy-like Snack
Kunafa,100,grams,,382,8,69,1,   الكنافة الشرقي,جرام,50,-,-,5,20,-,50,1.5,30,200,1,10,,Packaged & Mixed Foods,Candy-like Snack
Pizza,100,grams,,209,8.5,24,9.8,   البيتزا بالوزن,جرام,100,2,0.2,5,25,0.5,200,2,20,250,1.5,15,,Packaged & Mixed Foods,Balanced Protein-Carb
Jam,100,grams,,278,0.1,69,0.4,   المربى,جرام,1,10,-,-,2,-,10,0.3,5,50,0.05,0.5,,Sauces & Condiments,High-Carb
Light Jam,100,grams,,160,0,32,0,   المربى لايت,جرام,1,10,-,-,2,-,10,0.3,5,50,0.05,0.5,,Sauces & Condiments,Low-Cal
Deemah Rich oats biscuits,100,grams,,466,20,66.66,10,   بسكويت ديمة ريتش بالشوفان,جرام,-,-,-,-,30,-,50,4,130,350,3.5,25,,Packaged & Mixed Foods,High-Carb
Nutella,100,grams,,520,7.3,10.7,7.3,   النيوتيلا,جرام,15,-,-,-,15,-,130,1.2,70,350,1,2,,Sauces & Condiments,Healthy Fat
Jelly,100,grams,,278,0.1,67.8,0.4,   الجيلي,جرام,-,-,-,-,-,-,-,-,-,-,-,-,,Packaged & Mixed Foods,Low-Cal
Custard,100,grams,,242,8.3,35.6,6.1,   الكاسترد,جرام,80,1,1,0.5,10,0.4,200,0.5,15,250,0.5,5,,Packaged & Mixed Foods,Balanced Protein-Carb
Cinabbon Classic,100,grams,,380,17,54,5,   سينابون رول كلاسيك,جرام,100,0.5,0.2,10,20,0.2,80,1.5,20,200,0.8,8,,Packaged & Mixed Foods,Candy-like Snack
Serious Mass,100,grams,,375,1,84,15,   سيريوس ماس,جرام,237,30,2.5,2.5,200,0.5,295,4,210,735,0.75,35,,Packaged & Mixed Foods,High-Carb
Muscle-Tech Phase 8,100,grams,,380,3.57,19,62,بروتين ماصل تك ز 8,جرام,250,-,-,-,50,1.2,1200,2.5,150,500,1.5,100,,Packaged & Mixed Foods,Balanced Protein-Carb
Chike High protein coffee,100,grams,,420,7.5,27,60,   شيك قهوة عالية البروتين,جرام,0,0,0,0,0,0,0,0,0,0,0,0,,Packaged & Mixed Foods,Balanced Protein-Carb
Whey Protein,100,grams,,336,0,9,75,   واي بروتين,جرام,10,-,-,-,5,0.2,120,0.3,25,160,0.5,9,,Packaged & Mixed Foods,Lean Protein
Myprotein Iso 97,100,grams,,399,1,0,97,ماي بروتين أيزو 97,جرام,10,-,-,-,5,0.2,120,0.3,25,160,0.5,9,,Packaged & Mixed Foods,Lean Protein
Casein Protein,100,grams,,336,0,9,75,   كاسيين بروتين,جرام,10,-,-,-,5,0.2,120,0.3,25,160,0.5,9,,Packaged & Mixed Foods,Lean Protein
Dymatize Iso 100,100,grams,,375,1.56,6.25,78.126,ديماتيز أيزو 100,جرام,10,-,-,-,5,0.2,120,0.3,25,160,0.5,9,,Packaged & Mixed Foods,Lean Protein
Dymatize Elite Casein,100,grams,,393.939,0,9.0909,75.7575,   ديماتيز إليت كاسيين,جرام,10,-,-,-,5,0.2,120,0.3,25,160,0.5,9,,Packaged & Mixed Foods,Lean Protein
Isopure Zero Carb,100,grams,,344.4,1.64,0,82,   أيزو بيور زيرو كارب,جرام,237,30,2.5,2.5,200,0.5,300,0.2,100,450,0.5,17,,Packaged & Mixed Foods,Lean Protein
NOW Vanilla Whey Protein,100,grams,,395,4.65,16.27,60.4,   واي بروتين بالفانيليا شركة NOW,جرام,10,-,-,-,5,0.2,120,0.3,25,160,0.5,9,,Packaged & Mixed Foods,Balanced Protein-Carb
NOW Strawberry Whey Protein,100,grams,,375,1.5625,6.25,78.125,   واي بروتين فراولة شركة NOW,جرام,10,-,-,-,5,0.2,120,0.3,25,160,0.5,9,,Packaged & Mixed Foods,Lean Protein
Mars Whey Protein,100,grams,,386,7.3,11.4,67.5,   مارس واي بروتين,جرام,10,-,-,-,5,0.2,120,0.3,25,160,0.5,9,,Packaged & Mixed Foods,Balanced Protein-Carb
Milk Protein Concentrate,100,grams,,365,1.5,18,70,   مركز بروتين الحليب,جرام,10,-,-,-,5,0.2,120,0.3,25,160,0.5,9,,Packaged & Mixed Foods,Lean Protein
Whole milk powder,100,grams,,495,17,38,26,   حليب بودرة مجفف,جرام,215,6,0.2,0.2,9,3.7,909,0.2,85,1200,3.6,16.3,,Protein,Fatty Protein
Dano powder light,100,grams,,405,11,48,28,   حليب دانو مجفف لايت,جرام,250,8,0.3,0.3,10,4,950,0.3,90,1300,4,18,,Protein,Balanced Protein-Carb
Flapjacked Protein pancake and baking mix,100,grams,,377.35,6.6,43.39,37.73,   بروتين بان كيك فلاب جاكد,جرام,0,0,0,0,0,0,0,0,0,0,0,0,,Packaged & Mixed Foods,Balanced Protein-Carb
Regilait Powdered Skimmed milk,100,grams,,356,0.8,51.7,35.5,   حليب ريجيليه مجفف خالي الدسم,جرام,25,15,7.5,0.1,50,4,1230,0.4,110,1650,4,20,,Protein,Lean Protein
Protein Bar,100,Gram,,416,23,17,42,بروتين بار,جرام,,,,,,,150,5,,400,,,حوالي 60 جرام (يختلف حسب النوع),Packaged & Mixed Foods,Balanced Protein-Carb
Pure protein bar,100,Gram,,360,9,34,42,بروتين بار بيور,جرام,,,,,,,160,1.8,,210,,,حجم الحصة (البار الواحد) 50 جرام,Packaged & Mixed Foods,Balanced Protein-Carb
Detour protein bar chocolate chip,100,Gram,,388,10.6,38.8,35.3,بروتين بار ديتور شيكولاتة,جرام,,,,,,,153,2.1,,200,,,حجم الحصة (البار الواحد) 85 جرام,Packaged & Mixed Foods,Balanced Protein-Carb
Lift low carb protein bar,100,Gram,,363,13,6.7,34,بروتين بار ليفت منخفض الكارب,جرام,,,,,,,,,,,,,حجم الحصة (البار الواحد) حوالي 60 جرام (حسب النوع),Packaged & Mixed Foods,Lean Protein
Barebells Cookies and Cream Protein Bar,100,Gram,,364,14.5,29,36.4,بروتين بار باربيلز كوكيز,جرام,,,,,,,182,0.9,,118,,,حجم الحصة (البار الواحد) 55 جرام,Packaged & Mixed Foods,Balanced Protein-Carb
Dymatize Elite Protein Bar,100,Gram,,343,12.9,31.4,35.7,ديماتيز إليت بروتين بار,جرام,,,,,,,171,0.5,,157,,,حجم الحصة (البار الواحد) 70 جرام,Packaged & Mixed Foods,Balanced Protein-Carb
Mars Protein,100,grams,,351,8.1,39,33,   مارس بروتين,جرام,150,30,2.5,20,200,2.5,600,5,100,400,5,30,,Packaged & Mixed Foods,Balanced Protein-Carb
Snicker’s Protein,100,grams,,391,5.3,36.1,36,   سنيكرز بروتين,جرام,150,30,2.5,20,200,2.5,600,5,100,400,5,30,,Packaged & Mixed Foods,Balanced Protein-Carb
Nestle Fitness Chocolate,100,grams,,395,6,74,8,   نستلة فتنس شوكليت بار,جرام,200,30,2.5,-,200,1.25,500,7,100,400,5,20,,Packaged & Mixed Foods,High-Carb
Arrowwheat Mills organic buckwheat,100,grams,,355,11.111,69,11,   قمح عضوي أرو ويت ميلز,جرام,-,-,-,-,40,-,20,2.5,230,450,2.5,8,,Carbs,High-Carb
Quest Protein Bar S’mores,100,Gram,,317,13.3,38.3,35,كويست بروتين بار,جرام,,,,,,,167,1,,67,150,,,Packaged & Mixed Foods,Balanced Protein-Carb
Quest Protein bar cookies and cream,100,Gram,,333,15,36.7,35,كويست بروتين بار كوكيز كريم,جرام,,,,,,,133,1.3,,50,183,,,Packaged & Mixed Foods,Balanced Protein-Carb
Max sport protein bar,100,Gram,,408,15.8,36.7,25,بروتين بار ماكس سبورت,جرام,,,,,,,,,,,,,,Packaged & Mixed Foods,Balanced Protein-Carb
Think Thin High protein bar White chocolate,100,Gram,,383,15,40,33.3,بروتين بار ثنك ثين شيكولاتة بيضاء,جرام,,,,,,,167,1.3,,167,,,,Packaged & Mixed Foods,Balanced Protein-Carb
Yogurt Skim Milk,100,grams,,56,0.18,7.68,5.73,   الزبادى خالى الدسم,جرام,15,1,-,0.1,6,0.4,130,0.06,13,160,0.6,2.5,,Protein,Low-Carb
Danone light yogurt,100,grams,,57,1.5,6.3,4,   الزبادي دانون لايت,جرام,14,0.9,-,0.1,5,0.37,121,0.05,12,155,0.59,2.2,,Protein,Low-Carb
Oats raw,100,grams,,347,7,57,14,   الشوفان نئ,جرام,-,-,-,2,32,-,52,4.25,138,362,3.64,28.9,,Carbs,High-Carb
100% Wholegrain Oats,100,grams,,375,7.5,67.5,12.5,   الشوفان كامل الحبة نئ,جرام,-,-,-,2,32,-,52,4.25,138,362,3.64,28.9,,Carbs,High-Carb
Granola,100,grams,,443,22,54,12,   الجرانولا,جرام,-,1.2,-,-,25,-,40,3,100,280,2,8,,Packaged & Mixed Foods,High-Carb
Fitness Granola Oats Pumkin Seeds Cranberry,100,grams,,411,10,67,10,   الجرانولا فتنس شوفان لب كريز,جرام,-,-,-,-,30,-,50,4,130,350,3.5,25,,Packaged & Mixed Foods,High-Carb
Nestle Fitness Fruits,100,grams,,363,2.7,73.8,7.4,   نستلة فتنس فروتس,جرام,200,30,2.5,-,200,1.25,500,7,100,400,5,20,,Packaged & Mixed Foods,High-Carb
Weetabix Protein crunch,100,grams,,379,2.5,66,20,   ويتابكس بروتين كرنش,جرام,200,30,2.5,-,200,1.25,500,7,100,400,5,20,,Packaged & Mixed Foods,Balanced Protein-Carb
Weetabix 100% Whole Grain,100,grams,,362,2,69,12,   ويتابكس حبوب كاملة,جرام,-,-,-,1.9,38,-,160,3.8,100,350,3.1,41.4,,Packaged & Mixed Foods,High-Carb
Nature Valley Oats and Chocolate,100,grams,,456,20,60,8.33,   ألواح الجرانولا نيتشر فالي,جرام,-,-,-,-,25,-,40,3,100,280,2,8,,Packaged & Mixed Foods,High-Carb
Museli dried fruit and nuts,100,grams,,340,4.9,77.8,9.7,   موسلي فواكه مجففة و مكسرات,جرام,10,1,-,-,30,-,60,3.5,110,400,2.5,10,,Packaged & Mixed Foods,High-Carb
"Fava Beans cooked , boiled",100,grams,,110,0.4,19.7,7.6,   الفول المسلوق,جرام,1,1,-,3.2,177,-,50,2.5,70,330,1,1.2,,Carbs,High-Carb
California Fava Beans Egyptian Recipe,100,grams,,123,5.3,12.3,5.383,   كاليفورنيا فول مدمس بالخلطة المصرية,جرام,1,1,-,3,150,-,45,2.2,65,310,0.9,1,,Packaged & Mixed Foods,Balanced Protein-Carb
California Garden Peeled Fave beans,100,grams,,100,4.614,9.228,5.383,   كاليفورنيا جاردنز فول مقشور معلب,جرام,1,1,-,3.2,177,-,50,2.5,70,330,1,1.2,,Packaged & Mixed Foods,Balanced Protein-Carb
Raw Fava Beans,100,grams,,341,2,58,26,   الفول نئ ناشف,جرام,3,1.4,-,9,423,-,103,6.7,192,1032,3.1,8.2,,Carbs,High-Carb
White Rice Raw,100,grams,,358,1,79,6,   أرز أبيض نئ,جرام,-,-,-,0.1,8,-,28,0.8,25,115,1.1,15.1,,Carbs,High-Carb
Raw Basmati Rice,100,grams,,356,1.1,80,6.7,   أرز بسمتي نئ,جرام,-,-,-,-,18,-,25,0.8,40,120,1.2,16,,Carbs,High-Carb
"White Rice (cooked ,boiled)",100,grams,,129,0.28,27.9,2.66,   ارز ابيض مسلوق,جرام,-,-,-,-,58,-,10,0.2,12,35,0.4,9.7,,Carbs,High-Carb
"Brown Rice (cooked ,boiled)",100,grams,,112,0.83,23.51,2.32,   ارز بنى مسلوق,جرام,-,-,-,-,9,-,3,0.56,39,79,0.71,5.8,,Carbs,High-Carb
"Basmati Rice (cooked ,boiled)",100,grams,,120,0.38,25.08,3.52,   ارز بسمتى مسلوق,جرام,-,-,-,-,15,-,20,0.5,35,110,1,14,,Carbs,High-Carb
Rice Cakes,100,grams,,386,2.8,82,8,   كعكة الأرز,جرام,-,-,-,-,15,-,30,1.5,120,300,2.5,20,,Carbs,High-Carb
Biona Organic rice cakes with quinoa,100,grams,,389,3.6,78,9.1,   كعكة الأرز بيونا مع الكينوا,جرام,-,-,-,-,20,-,35,1.8,130,320,2.8,22,,Carbs,High-Carb
Asian Oreintal Nuts mix,100,grams,,506,26,52,17,   مكسرات صينية متنوعة,جرام,-,-,-,-,140,-,60,2,180,600,3,7,,Fats & Oils,Healthy Fat
Instant Noodles,100,grams,,138,1.2,2.1,4.5,   نودلز فورية,جرام,-,-,-,-,10,-,15,1,10,50,0.5,5,,Packaged & Mixed Foods,High-Carb
Black eyed peas raw,100,grams,,90,0.4,19,3,   لوبيا ناشفة نيئة,جرام,1,0.4,-,4.9,206,-,27,2.7,53,288,1.4,2.4,,Carbs,High-Carb
Cowpea,100,grams,,116,0.5,21,8,   لوبيا خضراء ناشفة,جرام,1,0.4,-,4.9,206,-,27,2.7,53,288,1.4,2.4,,Carbs,High-Carb
Kidney beans canned drained,100,grams,,84,0,16,5,   فاصوليا حمراء معلبة مصقاة,جرام,-,-,-,-,130,-,45,2.5,42,350,0.8,-,,Carbs,High-Carb
White Beans canned drained,100,grams,,114,0,21,7,   فاصوليا بيضاء معلبة مصفاة,جرام,-,-,-,0.1,177,-,105,8.7,190,561,2.8,1.2,,Carbs,High-Carb
Soybeans cooked boiled,100,grams,,173,9,10,17,   فول صويا مسلوق,جرام,1,6,-,19.1,58,-,277,15.7,86,436,1,17.8,,Carbs,Balanced Protein-Carb
Chick Peas,100,grams,,364,6,61,19,   حمص ناشف,جرام,3,4,-,9,172,-,105,6.2,115,875,3.4,8.2,,Carbs,High-Carb
Boiled Chickpeas,100,grams,,164,2.6,27.42,8.9,   حمص مسلوق,جرام,1,1.3,-,2.6,172,-,49,2.9,115,291,1.5,3.7,,Carbs,High-Carb
Canned Chickpeas,100,grams,,119,9.5,22.6,17.2,   حمص معلب,جرام,1,1,-,2.6,160,-,45,2.5,110,280,1.4,3.5,,Carbs,High-Carb
Lentils,100,grams,,353,1,60,26,   عدس ناشف,جرام,2,1.5,-,5,479,-,56,7.5,122,955,4.8,8.3,,Carbs,High-Carb
Cooked Lentils,100,grams,,116,0,20,9,   عدس مسلوق,جرام,-,1.5,-,1.7,181,-,19,3.3,36,369,1.3,2.8,,Carbs,High-Carb
Maggi Corrainder and Garlic mix,100,grams,,260,2,55,7.7,   ماجي خلطة الثوم و الكزبرة,جرام,0,0,0,0,0,0,0,0,0,0,0,0,,Packaged & Mixed Foods,High-Carb
Lupin,100,grams,,120,3,10,16,   ترمس مسلوق,جرام,1,-,-,-,54,-,53,1.2,54,422,1.1,-,,Protein,Balanced Protein-Carb
"Pasta (cooked ,boiled)",100,grams,,158,1,31,6,   مكرونة مسلوقة,جرام,-,-,-,0.1,8,-,11,0.3,23,44,0.5,26,,Carbs,High-Carb
Pasta raw,100,grams,,371,2,75,13,   مكرونة ناشفة نيئة,جرام,-,-,-,0.1,20,-,24,1.2,53,124,1.4,67,,Carbs,High-Carb
Whole wheat spaghetti raw,100,grams,,352,2.4,67,11.5,   مكرونة سباغيتي قمح كامل نيئة,جرام,-,-,-,-,35,-,40,3.5,140,400,3,70,,Carbs,High-Carb
Luisine Sliced Brown bread,100,grams,,233,2.5,40.1,9.8,   لوزين خبز توست بر,جرام,-,-,-,1.9,28,-,260,2.7,82,266,1.9,37.9,,Carbs,High-Carb
Herfy sliced bran bread,100,grams,,234,2.5,33,12.8,   هر شرائح خبز النخالة,جرام,-,-,-,2,30,-,270,3,85,270,2,40,,Carbs,High-Carb
Luisine brown bread sandwich roll,100,grams,,263.9,2.8,46.4,10.4,   لوزين ساندوتش رول بر,جرام,-,-,-,1.9,28,-,260,2.7,82,266,1.9,37.9,,Carbs,High-Carb
Luisine square,100,grams,,278,4.76,44.7,11.19,   لوزين سكوير,جرام,-,-,-,0.1,106,-,260,2.8,32,134,1.1,26.3,,Carbs,High-Carb
Multi Cereal bread,100,grams,,242,5,37,11,   خبز الحبوب المتعددة,جرام,-,-,-,2,30,-,270,3,85,270,2,40,,Carbs,High-Carb
Modern Bakery Protein bread,100,grams,,266,11.1,7.9,27.9,   المخبز الحديث خبز البروتين,جرام,-,-,-,2,30,-,270,3,85,270,2,40,,Carbs,Balanced Protein-Carb
whole Wheat flour,100,grams,,339,2,73,14,   دقيق أسمر,جرام,-,-,-,0.3,44,-,34,3.6,137,363,2.6,61.8,,Carbs,High-Carb
Whole Wheat Bread,100,grams,,266,2.6,55,9,   خبز بني كامل,جرام,-,-,-,1.9,28,-,260,2.7,82,266,1.9,37.9,,Carbs,High-Carb
Rice bread,100,grams,,243,4.6,44,9,   خبز الأرز,جرام,-,-,-,-,15,-,30,1.5,120,300,2.5,20,,Carbs,High-Carb
X-Tra fiber Wooden Bakery,100,grams,,290,1.4,58,11.4,   خبز عالي الالياف مخبوزات وودن,جرام,-,-,-,2,30,-,270,3,85,270,2,40,,Carbs,High-Fiber
Wholemeal bread,100,grams,,235,2.95,44,8.1,   خبز القمح الكامل,جرام,-,-,-,1.9,28,-,260,2.7,82,266,1.9,37.9,,Carbs,High-Carb
banana bread,100,grams,,326,11,55,4,   خبز الموز,جرام,20,1,0.5,5,30,0.2,30,1.5,25,200,0.8,5,,Packaged & Mixed Foods,Candy-like Snack
Rusk sticks,100,grams,,408,7.3,69.7,12,   بقسماط أصابع,جرام,-,-,-,-,25,-,80,3,50,200,1.5,20,,Carbs,High-Carb
Rye Crispbread,100,grams,,366,1.3,82,8,   خبز سن أو خبز البر,جرام,-,-,-,59,50,-,35,2.8,90,500,2.5,10,,Carbs,High-Carb
White bread,100,grams,,275,2.2,55.7,9.1,   خبز ابيض,جرام,-,-,-,0.1,106,-,260,2.8,32,134,1.1,26.3,,Carbs,High-Carb
Haddad Bakery High Protein Pita,100,grams,,216,1.6888,38.3333,18.3333,   خبز أبيض الحداد عالي البروتين,جرام,-,-,-,-,120,-,80,3,40,200,1.5,25,,Carbs,Balanced Protein-Carb
"French Bread (Vienna, Sourdough)",100,grams,,289,1.8,56.4,11.2,   خبز باجيت,جرام,-,-,-,0.1,106,-,260,2.8,32,134,1.1,26.3,,Carbs,High-Carb
Barley Bread,100,grams,,282,3.3,54.7,8.46,   خبز شعير,جرام,-,-,-,4,60,-,160,6,170,440,4,80,,Carbs,High-Carb
Rye Rusks,100,grams,,374,4.2,70,11,   شابورة بر,جرام,-,-,-,60,55,-,40,3,95,520,2.8,12,,Carbs,High-Carb
Psyllium Husk,100,grams,,378,0,89,0,   قشور البسيليوم,جرام,-,-,-,-,-,-,333,2,-,130,1,-,,Carbs,High-Fiber
Croissant,100,grams,,406,21,46,8,   كرواسون أو باتيه سادة,جرام,123,-,0.1,1,14,0.1,37,2,16,116,0.5,16,,Packaged & Mixed Foods,Candy-like Snack
White Flour,100,grams,,364,1,76,10,   دقيق أبيض,جرام,-,-,-,0.3,26,-,15,1.2,22,107,0.7,34,,Carbs,High-Carb
Wheat durum,100,grams,,339,2.5,71,14,   حبوب القمح نيئة,جرام,-,-,-,-,43,-,34,3.5,144,431,4.2,89.4,,Carbs,High-Carb
Bread Crumbs,100,grams,,395,5.3,71.98,13.35,   بقسماط,جرام,-,-,-,0.2,110,-,270,3,35,140,1.2,28,,Carbs,High-Carb
Bulgur Cooked,100,grams,,83,0.2,18.6,3.1,   برغل المسلوق,جرام,-,-,-,-,18,-,10,0.96,32,68,0.5,0.5,,Carbs,High-Carb
Quinoa Cooked,100,grams,,120,1.9,21.3,4.4,   كينوا مسلوقة,جرام,1,-,-,-,42,-,17,1.5,64,172,1.1,2.8,,Carbs,High-Carb
Couscous cooked,100,grams,,112,0.2,23.2,3.8,   كسكسي مسلوق,جرام,-,-,-,-,7,-,8,0.38,8,58,0.26,27.8,,Carbs,High-Carb
Sweet Potato cooked,100,grams,,76,0.14,17.72,1.37,   بطاطا مطهية,جرام,709,2.4,-,1.8,11,-,30,0.61,25,337,0.3,0.6,,Carbs,High-Carb
Boiled Potato,100,grams,,103,2.24,19.52,1.81,   بطاطس مسلوقة,جرام,1,13.1,-,2.1,18,-,8,0.52,27,544,0.37,0.4,,Carbs,High-Carb
Grilled Potato,100,grams,,149,7,20.1,2.3,   بطاطس مشوية,جرام,1,13,-,2,18,-,8,0.5,27,540,0.4,0.4,,Carbs,High-Carb
Potato Chips,100,grams,,547,37.47,49.74,6.56,   بطاطس شيبسى,جرام,35,3.1,-,13,11,-,30,1.1,67,1199,0.6,-,,Packaged & Mixed Foods,Candy-like Snack
Protein Bites Chips,100,grams,,387,6.5,30,50,   شيبسي بروتين بايتس,جرام,0,0,0,0,0,0,0,0,0,0,0,0,,Packaged & Mixed Foods,Balanced Protein-Carb
Fried Potato,100,grams,,340,16,44,4,   بطاطس مقلية,جرام,1,10,-,2,15,-,10,0.6,30,600,0.5,0.5,,Packaged & Mixed Foods,Balanced Protein-Carb
Ketchup,100,grams,,97,0.38,25.08,1.7,كاتشب ,جرام,42,15,-,2,10,-,15,0.3,12,250,0.2,0.5,,Sauces & Condiments,Low-Carb
Tomato Paste,100,grams,,82,0,19,4,   صلصة الطماطم,جرام,80,40,-,3,20,-,30,1.5,25,400,0.5,1,,Sauces & Condiments,Low-Carb
Regular Mayonnaise,100,grams,,717,78.2,3.9,1.1,   مايونيز,جرام,60,-,-,25,5,0.1,10,0.2,2,20,0.1,2,,Sauces & Condiments,Healthy Fat
Light Mayonnaise,100,grams,,324,33.09,8.2,0.88,   مايونيز لايت,جرام,30,-,-,15,2,0.1,5,0.1,1,10,0.1,1,,Sauces & Condiments,Healthy Fat
Fat free thousand Island,100,grams,,67,0,17,0,   صلصة ثاوزاند ايلاند خالية من الدهون,جرام,-,5,-,-,5,-,10,0.2,5,100,0.1,0.2,,Sauces & Condiments,High-Carb
Mustard,100,grams,,66,4,5,4.4,   المسطردة,جرام,1,0.2,-,0.1,1,-,27,1.6,29,143,0.3,10,,Sauces & Condiments,Low-Cal
Balsamic Vingear,100,grams,,88,0,17,0.5,   الخل بلسمي,جرام,-,-,-,-,-,-,27,0.72,12,112,0.09,0.1,,Sauces & Condiments,Low-Cal
White Sugar,100,grams,,389,0,99.6,0,   سكر ابيض,جرام,-,-,-,-,-,-,-,-,-,-,-,-,,Carbs,High-Carb
Coffee Creamer,100,grams,,545,35.5,55,4.8,   مبيض قهوة,جرام,-,-,-,-,-,-,100,-,-,300,-,-,,Packaged & Mixed Foods,Candy-like Snack
Nescafe 3 in 1,100,grams,,462,13.125,82.5,1.875,النسكاه 3  1,جرام,-,-,-,-,-,-,100,-,-,300,-,-,,Packaged & Mixed Foods,Candy-like Snack
Honey,100,grams,,304,0,82.4,0.3,   عسل نحل,جرام,-,0.5,-,-,2,-,6,0.4,2,52,0.2,0.8,,Carbs,High-Carb
Molasses,100,grams,,289,0,75,0,   عسل اسود,جرام,-,-,-,-,-,-,205,4.7,242,1464,0.29,17.8,,Carbs,High-Carb
Dates Molasses,100,grams,,305,0,73,0,   دبس التمر,جرام,-,-,-,-,15,-,35,1,40,600,0.3,3,,Carbs,High-Carb
Brown Sugar,100,grams,,377,0,97.33,0,   سكر بنى,جرام,-,-,-,-,-,-,85,0.7,29,133,0.04,1.2,,Carbs,High-Carb
Cocoa Powder,100,grams,,227,14,58,20,   مسحوق كاكاو خام,جرام,1,-,-,-,30,-,130,14,500,1500,7,14,,Carbs,High-Carb
Snicker’s Bar,100,grams,,473,24,61,7,   شيكولاتة سنيكرز,جرام,50,-,-,1,15,0.2,120,1,40,200,0.8,5,,Packaged & Mixed Foods,Candy-like Snack
dark chocolate 70%,100,grams,,599,43,46,8,شكولاتة سوداء 70%,جرام,40,-,-,7.4,16,-,73,12,228,715,2,6.8,,Packaged & Mixed Foods,Candy-like Snack
Dark chocolate 90%,100,grams,,592,55,14,10,شيكولاتة دارك 90%,جرام,45,-,-,8,18,-,80,13,250,750,2.2,7,,Packaged & Mixed Foods,Healthy Fat
Corona Dark Chocolate,100,grams,,502,29.6,55.2,4.8,   كورونا شيكولاتة دارك,جرام,40,-,-,7,15,-,70,10,200,700,1.8,6,,Packaged & Mixed Foods,Candy-like Snack
Biscuits,100,grams,,366,17,49,6,   بسكويت سادة,جرام,-,-,-,-,15,-,20,1.5,20,150,0.5,5,,Packaged & Mixed Foods,Candy-like Snack
Mars Bar,100,grams,,467,23,62,8,   شيكولاتة مارس,جرام,60,-,-,1.2,12,0.2,150,1.2,45,220,1,6,,Packaged & Mixed Foods,Candy-like Snack
Mcvities Digestive Biscuits,100,grams,,447,14.4,70,7.3,   بسكويت دايجيستيف,جرام,-,-,-,-,20,-,80,3,60,250,1,8,,Packaged & Mixed Foods,Candy-like Snack
Gateux,100,grams,,415,18,58,5.2,   الجاتوه,جرام,100,1,0.5,5,25,0.3,60,1.5,20,180,0.8,6,,Packaged & Mixed Foods,Candy-like Snack
Pancakes,100,grams,,227,9.3,28.7,6.8,   عجينة قطائف او بان كيكس,جرام,100,0.5,1,2,20,0.5,200,1.5,20,200,0.8,10,,Packaged & Mixed Foods,Balanced Protein-Carb
Malt Beverage,100,grams,,37,0.12,8.05,0.21,   شراب شعير,جرام,-,-,-,-,10,-,5,0.1,5,30,0.05,0.2,,Packaged & Mixed Foods,High-Carb
Corn dry,100,grams,,419,11,67,14,   ذرة ناشفة (للشار),جرام,10,-,-,0.3,42,-,7,2.7,127,287,2.2,15.5,,Carbs,High-Carb
Corn Boiled,100,grams,,86,1.18,19.02,3.22,   ذرة مسلوقة,جرام,9,6.8,-,0.3,42,-,2,0.52,37,270,0.46,0.6,,Carbs,High-Carb
Corn Fire Roasted,100,grams,,111,1.1,24.4,3.3,   ذرة مشوية على الفحم,جرام,10,6,-,0.3,40,-,3,0.6,40,280,0.5,0.7,,Carbs,High-Carb
Cereal,100,grams,,376,3.38,83.02,7.24,   كورن فلكس,جرام,200,30,2.5,-,200,1.25,500,7,100,400,5,20,,Carbs,High-Carb
Kelloggs Special K,100,grams,,375,1.5,79,9,   كورن فلكس كيلوجز,جرام,200,30,2.5,-,200,1.25,500,7,100,400,5,20,,Carbs,High-Carb
Kelloggs coco pops,100,grams,,381,2.5,78,9,   كيلوجز كوكو بوبس,جرام,200,30,2.5,-,200,1.25,500,7,100,400,5,20,,Carbs,High-Carb
Corn Starch,100,grams,,381,0.1,91,0.3,   نشا ذرة,جرام,-,-,-,-,-,-,2,0.47,3,3,0.06,2.8,,Carbs,High-Carb
Olive oil,100,grams,,884,100,0,0,   زيت زيتون,جرام,-,-,-,60.2,-,-,1,0.54,-,1,0.02,0.4,,Fats & Oils,Healthy Fat
Corn Oil,100,grams,,884,100,0,0,   زيت ذرة,جرام,-,-,-,1.9,-,-,-,-,-,-,-,-,,Fats & Oils,Healthy Fat
Fish Oil,100,grams,,902,100,0,0,   زيت سمك,جرام,30000,-,2500,-,-,-,-,-,-,-,-,-,,Fats & Oils,Healthy Fat
Sunflower Oil,100,grams,,884,100,0,0,   زيت عباد الشمس,جرام,-,-,-,5.4,-,-,-,-,-,-,-,-,,Fats & Oils,Healthy Fat
Butter,100,grams,,717,81.11,0.06,0.85,   الزبدة,جرام,684,-,1.5,7,3,0.17,24,0.02,2,24,0.09,1,,Fats & Oils,Healthy Fat
Becel light butter,100,grams,,336,38,0.5,0,   الزبدة لايت,جرام,800,-,7.5,100,-,-,-,-,-,-,-,-,,Fats & Oils,Healthy Fat
Lard,100,grams,,900,0,0,0,   اللية,جرام,-,-,2.5,-,-,-,-,-,-,-,-,-,,Fats & Oils,Healthy Fat
Cooking Cream,100,grams,,345,37,3,2,   كريمة طبخ,جرام,350,0.6,1.2,3.4,3,0.2,68,0.05,7,93,0.2,1,,Fats & Oils,Healthy Fat
Pomegranate Molasses,100,grams,,180,0,45,0,   دبس الرمان,جرام,-,10,-,16,38,-,10,0.3,12,236,0.35,0.5,,Sauces & Condiments,High-Carb
Olives,100,grams,,115,11,6,0.8,   الزيتون,جرام,20,0.9,-,1.4,-,-,88,3.3,4,8,0.22,0.9,,Fats & Oils,Healthy Fat
Peanuts,100,grams,,599,52.5,15.26,28.03,   فول سودانى,جرام,-,-,-,-,145,-,62,2.3,184,634,3.3,7.2,,Fats & Oils,Healthy Fat
Mixed nuts,100,grams,,615,56.2,17,15.5,   مكسرات مشكلة,جرام,10,1,-,5,50,-,100,3,200,600,4,10,,Fats & Oils,Healthy Fat
Castani Kri Kri,100,grams,,500,30,43.33333,16.6666,   كاستانيا كري كري,جرام,-,-,-,-,140,-,60,2,180,600,3,7,,Packaged & Mixed Foods,Candy-like Snack
Pine Nuts,100,grams,,673,68,13,14,   مكسرات الصنوبر,جرام,1,0.8,-,53.9,34,-,16,5.5,251,597,6.4,0.7,,Fats & Oils,Healthy Fat
flax seeds,100,grams,,534,42,29,18,   حبوب الكتان,جرام,-,0.6,-,4.3,87,-,255,5.7,392,813,4.3,25.4,,Fats & Oils,Healthy Fat
chia seed,100,grams,,460,31,44,16,   حبوب الشيا,جرام,3,1.6,-,-,49,-,631,7.7,335,407,4.6,55.2,,Fats & Oils,Healthy Fat
Pumpkin Seeds,100,grams,,446,19,54,19,   اللب,جرام,3,0.3,-,-,58,-,43,3.3,262,919,10.3,5.6,,Fats & Oils,Healthy Fat
Sunflower seeds,100,grams,,584,51,20,21,   حب الشمس,جرام,3,1.4,-,-,227,-,78,5.2,325,645,5,53,,Fats & Oils,Healthy Fat
Pistachio,100,grams,,557,44.44,27.97,20.61,   الفستق,جرام,26,5.6,-,13.2,51,-,105,3.9,121,1025,2.2,7,,Fats & Oils,Healthy Fat
Cashew,100,grams,,553,43.85,30.19,18.22,   الكاجو,جرام,-,-,-,34.1,25,-,37,6.7,292,660,5.8,19.9,,Fats & Oils,Healthy Fat
Walnuts,100,grams,,654,65.21,13.71,15.23,   عين جمل,جرام,1,1.3,-,2.7,98,-,98,2.9,158,441,3.1,4.9,,Fats & Oils,Healthy Fat
Coconut,100,grams,,667,67,27,7,   جوز الهند,جرام,-,3.3,-,0.2,26,-,14,2.4,32,356,1.1,10.1,,Fats & Oils,Healthy Fat
Almonds,100,grams,,578,50.64,19.74,21.26,   اللوز,جرام,1,-,-,-,44,-,269,3.7,270,733,3.1,4.1,,Fats & Oils,Healthy Fat
Sesame Seeds,100,grams,,572,50,23,18,   السمسم,جرام,1,-,-,-,97,-,975,14.5,351,468,7.8,34.4,,Fats & Oils,Healthy Fat
Peanut Butter,100,grams,,588,50.39,19.56,25.09,   زبدة فول سودانى,جرام,-,-,-,0.1,71,-,48,1.9,169,564,2.8,5.3,,Fats & Oils,Healthy Fat
Skippy roasted honey peanut butter,100,grams,,625,50,18.75,21.87,   زبدة فول سوداني سكيبي محمصة بالعسل,جرام,-,-,-,0.1,70,-,45,1.8,165,550,2.7,5,,Packaged & Mixed Foods,Candy-like Snack
Skippy reduced fat peanut butter,100,grams,,500,33.33333,41.66666,19.44444,   زبدة فول سوداني سكيبي منخفضة الدهن,جرام,-,-,-,0.1,65,-,40,1.5,150,500,2.5,4,,Packaged & Mixed Foods,Balanced Protein-Carb
Peanut butter and co dark chocolate dreams,100,grams,,531.25,40.625,37.5,18.75,   زبدة فول سوداني دارك شوكليت دريمز,جرام,-,-,-,0.1,60,-,40,2,150,500,2.5,5,,Packaged & Mixed Foods,Candy-like Snack
Whole earth smooth organic peanut butter,100,grams,,643,54.3,7.4,27.7,   زبدة فول سوداني وول إيرث اورجانيك,جرام,-,-,-,0.1,75,-,50,2,170,580,3,6,,Fats & Oils,Healthy Fat
Pistachio Butter,100,grams,,534,41,32,19,   زبدة فستق,جرام,25,5,-,13,50,-,100,3.5,120,1000,2,7,,Fats & Oils,Healthy Fat
Tahini,100,grams,,595,54,21,17,   الطحينة,جرام,1,-,-,-,98,-,426,9,95,414,4.6,46.8,,Fats & Oils,Healthy Fat
Halvah,100,grams,,533,44,32,11,   الحلاوة طحينية,جرام,1,-,-,-,95,-,400,8,90,400,4.5,45,,Packaged & Mixed Foods,Candy-like Snack
Banana,100,grams,,89,0.33,22.84,1.09,   الموز,جرام,3,8.7,-,0.5,20,-,5,0.26,27,358,0.15,1,,Fruit,High-Carb
Annona,100,grams,,75,0.7,14.7,1.6,   فاكهة القشطة,جرام,-,12.6,-,-,-,-,17,0.3,18,287,0.16,0.6,,Fruit,High-Carb
Orange,100,grams,,47,0.12,11.75,0.94,   البرتقال,جرام,11,53.2,-,-,30,-,40,0.1,10,181,0.07,0.5,,Fruit,High-Carb
Al safi Orange Juice,100,grams,,41,0.1,8.8,0.7,   عصير برتقال الصا,جرام,10,35,-,-,25,-,35,0.1,9,160,0.06,0.4,,Packaged & Mixed Foods,High-Carb
Orange Juice,100,grams,,45,0.2,10,0.7,   عصير برتقال,جرام,10,50,-,0.1,30,-,11,0.2,11,200,0.07,0.1,,Fruit,High-Carb
Al Safi Apple Juice,100,grams,,,,,,   عصير تفاح الصا,جرام,-,2,-,0.3,1,-,5,0.1,4,100,0.03,0.1,,Packaged & Mixed Foods,High-Carb
Apple Juice,100,grams,,46,0.1,11,0.1,   عصير تفاح,جرام,-,2,-,0.3,1,-,5,0.1,4,100,0.03,0.1,,Fruit,High-Carb
Floridas Natural Orange Pineapple,100,grams,,55,0,13,0.5,   عصير برتقال و أناناس فلوريدا ناتشورال,جرام,12,60,-,0.1,30,-,11,0.2,11,200,0.07,0.1,,Packaged & Mixed Foods,High-Carb
Pomegranate Juice,100,grams,,54.5,0.3,13,0.2,   عصير رمان,جرام,-,0.1,-,15,35,-,9,0.2,11,210,0.3,0.4,,Fruit,High-Carb
Apple,100,grams,,52,0.17,13.81,0.26,   التفاح,جرام,3,4.6,-,2.2,3,-,6,0.12,5,107,0.04,0.3,,Fruit,High-Carb
Grapes,100,grams,,69,0.16,18.1,0.72,   العنب,جرام,3,3.2,-,14.6,2,-,10,0.36,7,191,0.07,0.1,,Fruit,High-Carb
Watermelon,100,grams,,30,0.15,7.55,0.61,   البطيخ,جرام,28,8.1,-,0.1,3,-,7,0.24,10,112,0.1,0.4,,Fruit,Low-Carb
Honeydew melon,100,grams,,36,0.14,9.09,0.54,   الشمام,جرام,3,18,-,2.9,19,-,6,0.21,10,228,0.19,0.1,,Fruit,Low-Carb
Cantaloupe,100,grams,,34,0.19,8.16,0.84,   الكانتلوب,جرام,169,36.7,-,2.5,21,-,9,0.21,12,267,0.18,0.4,,Fruit,Low-Carb
Prickly Pears,100,grams,,41,0.5,9.6,0.7,   التين شوكي,جرام,2,14,-,-,6,-,56,0.3,85,220,0.12,0.6,,Fruit,Low-Carb
Fig,100,grams,,74,0.3,19.2,0.8,   التين,جرام,7,2,-,4.7,6,-,35,0.37,17,232,0.15,0.2,,Fruit,High-Carb
Papaya,100,grams,,42.8,0.3,11,0.5,   الببايا,جرام,47,60.9,-,2.6,37,-,20,0.25,21,182,0.08,0.6,,Fruit,High-Carb
Peach,100,grams,,39,0.25,9.54,0.91,   الخوخ,جرام,16,6.6,-,2.6,4,-,6,0.25,9,190,0.17,0.1,,Fruit,Low-Carb
Plum,100,grams,,46,0.28,11.42,0.7,   البرقوق,جرام,17,9.5,-,6.4,5,-,6,0.17,7,157,0.1,0.1,,Fruit,High-Carb
Apricot,100,grams,,48,0.39,11.12,1.4,   المشمش,جرام,96,10,-,3.3,9,-,13,0.39,10,259,0.2,0.1,,Fruit,High-Carb
Avocado,100,grams,,160,14.66,8.53,2,   الافوكادو,جرام,7,10,-,21,81,-,12,0.55,29,485,0.64,0.4,,Fruit,Healthy Fat
Tangerine,100,grams,,53,0.31,13.34,0.81,   اليوسفى,جرام,34,26.7,-,-,16,-,37,0.15,12,166,0.07,0.1,,Fruit,High-Carb
Grapefruit,100,grams,,32,0.1,8.1,0.6,   الجريب فروت,جرام,58,31.2,-,-,13,-,22,0.08,9,135,0.07,0.1,,Fruit,Low-Carb
Cherries,100,grams,,63,0,16,1,   الكريز,جرام,3,7,-,2.1,4,-,13,0.36,11,222,0.07,0.1,,Fruit,High-Carb
Blackberries,100,grams,,43,0.5,10.2,1.4,   التوت,جرام,11,21,-,19.8,25,-,29,0.62,20,162,0.53,0.4,,Fruit,Low-Carb
Goji Berries,100,grams,,357.1,0,75,10.713,   توت الغوجي,جرام,1340,48,-,-,-,-,190,6.8,109,400,2,-,,Fruit,High-Carb
Mango,100,grams,,65,0.27,17,0.51,   المانجو,جرام,54,36.4,-,4.2,43,-,11,0.16,10,168,0.09,0.6,,Fruit,High-Carb
Dates,100,grams,,282,0.39,75.03,2.45,   بلح – تمر,جرام,7,0.4,-,2.7,19,-,39,1,43,656,0.29,3,,Fruit,High-Carb
Persimmon,100,grams,,70,0.19,18.6,0.58,   الكاكا,جرام,81,7.5,-,2.6,8,-,8,0.15,9,161,0.11,0.1,,Fruit,High-Carb
Strawberry,100,grams,,32,0.3,7.68,0.67,   الفراولة,جرام,1,58.8,-,2.2,24,-,16,0.41,13,153,0.14,0.4,,Fruit,Low-Carb
Kiwi,100,grams,,61,0.52,14.7,1.14,   الكيوى,جرام,4,92.7,-,40.3,25,-,34,0.31,17,312,0.14,0.2,,Fruit,High-Carb
Pomegranate,100,grams,,68,0.3,17.17,0.95,   الرمان,جرام,-,10.2,-,16.4,38,-,10,0.3,12,236,0.35,0.5,,Fruit,High-Carb
Pineapple,100,grams,,48,0.12,12.63,0.54,   الاناناس,جرام,3,47.8,-,0.7,18,-,13,0.29,12,109,0.12,0.1,,Fruit,High-Carb
Pumpkin Raw,100,grams,,26.1,0.1,7,1,   القرع,جرام,426,9,-,1.1,16,-,21,0.8,12,340,0.32,0.3,,Veg,High-Carb
Guava,100,grams,,68,0.95,14.32,2.55,   الجوافة,جرام,31,228.3,-,2.2,49,-,18,0.26,22,417,0.23,0.6,,Fruit,High-Carb
Pears,100,grams,,58,0.12,15.46,0.38,   الكمثرى,جرام,1,4.3,-,4.4,7,-,9,0.18,7,116,0.1,0.1,,Fruit,High-Carb
Berries,100,grams,,57,0,14,1,   التوت,جرام,10,25,-,20,25,-,25,0.5,20,180,0.5,0.5,,Fruit,Low-Carb
Fruit Salad,100,grams,,50,0,13,0.5,   سلطة فواكه مشكلة,جرام,15,30,-,5,15,-,15,0.3,10,150,0.1,0.3,,Packaged & Mixed Foods,High-Carb
Raisins,100,grams,,299,0.46,79.18,3.07,   الزبيب,جرام,-,2.3,-,3.5,5,-,50,1.9,32,749,0.22,0.6,,Fruit,High-Carb
Dried Cranberries,100,grams,,308,0.7,82,0.1,   توت بري مجفف,جرام,2,0.2,-,5.1,1,-,5,0.3,5,40,0.08,0.5,,Fruit,High-Carb
Dried Blueberries,100,grams,,320,0,76,2,   توت مجفف,جرام,2,1,-,19,6,-,6,0.5,6,77,0.16,0.1,,Fruit,High-Carb
Dried Apricot,100,grams,,241,0.5,62.6,3.4,   مشمش مجفف مشمشية,جرام,180,1,-,3.1,10,-,55,2.7,32,1162,0.2,7.2,,Fruit,High-Carb
Dried figs,100,grams,,249,0.9,64,3.3,   التين المجفف,جرام,1,1.2,-,15.6,9,-,162,2,68,680,0.5,0.6,,Fruit,High-Carb
Qamar Aldeen,100,grams,,350,0.4,84,3.4,   قمر الدين خام,جرام,180,1,-,3.1,10,-,55,2.7,32,1162,0.2,7.2,,Fruit,High-Carb
Carob,100,grams,,323,1,81,5,   خروب خام,جرام,1,-,-,-,29,-,348,2.9,54,827,0.9,5.3,,Fruit,High-Carb
Tamarind,100,grams,,239,0.6,63,2.8,   التمر الهندي خام,جرام,2,3.5,-,2.8,14,-,74,2.8,92,628,0.1,3.1,,Fruit,High-Carb
Frozen mixed vegetables,100,grams,,64,0.52,13.46,3.33,   خضروات مشكلة مجمدة,جرام,250,20,-,25,60,-,30,1.5,35,150,0.5,2,,Veg,Low-Carb
Fresh Express Farmer’s Garden,100,grams,,23.5,0,3.529,1.176,   خضروات مشكلة فارمرز جاردن,جرام,400,10,-,130,40,-,36,0.9,13,194,0.2,0.6,,Veg,Low-Carb
Cucumbers,100,grams,,15,0.11,3.63,0.65,   الخيار,جرام,5,2.8,-,16.4,7,-,16,0.28,13,147,0.2,0.3,,Veg,Low-Carb
Tomato,100,grams,,18,0.2,3.92,0.88,   الطماطم,جرام,42,13.7,-,7.9,15,-,10,0.27,11,237,0.17,-,,Veg,Low-Carb
Artichoke cooked,100,grams,,53,0.3,12,2.9,   الخرشوف مطبوخ,جرام,1,7.5,-,14.8,89,-,21,0.6,42,286,0.4,0.2,,Veg,Low-Carb
Radish,100,grams,,15.5,0.1,3.4,0.7,   الفجل,جرام,-,14.8,-,1.3,25,-,25,0.34,10,233,0.28,0.6,,Veg,Low-Carb
Parsley,100,grams,,36,0.79,6.33,2.97,   البقدونس,جرام,421,133,-,1640,152,-,138,6.2,50,554,1.07,0.1,,Veg,Low-Cal
Onions,100,grams,,40,0.1,9,1.1,   البصل,جرام,-,7.4,-,0.4,19,-,23,0.21,10,146,0.17,0.5,,Veg,Low-Cal
Leeks,100,grams,,60,0.3,14,1.5,   الكراث,جرام,83,12,-,47,64,-,59,2.1,28,180,0.12,1,,Veg,High-Carb
Beets,100,grams,,43,0.2,10,1.6,   البنجر الشمندر,جرام,2,4.9,-,0.2,109,-,16,0.8,23,325,0.35,0.7,,Veg,High-Carb
Molokhia – Tossa Jute,100,grams,,38,0.5,6.3,4.8,   الملوخية,جرام,125,2.5,-,-,80,-,200,1.5,54,584,0.71,0.9,,Veg,Low-Cal
Montana Frozen Molokhia,100,grams,,15.35,0.4,2.46,0.9,   مونتانا ملوخية مجمدة,جرام,125,2.5,-,-,80,-,200,1.5,54,584,0.71,0.9,,Veg,Low-Cal
Watercress,100,grams,,11,0.1,1.29,2.3,   الجرجير,جرام,160,43,-,250,9,-,120,0.2,21,330,0.1,0.9,,Veg,Low-Cal
Celery,100,grams,,14,0.17,2.97,0.69,   الكرفس,جرام,22,3.1,-,29.3,36,-,40,0.2,11,260,0.13,0.4,,Veg,Low-Cal
Celery Juice,100,grams,,18,0.16,4,0.83,   عصير كرفس,جرام,22,3.1,-,29.3,36,-,40,0.2,11,260,0.13,0.4,,Sauces & Condiments,Low-Cal
Taro,100,grams,,112.1,0.2,26,1.5,   القلقاس,جرام,4,4.5,-,2.6,22,-,43,0.55,23,591,0.29,0.7,,Carbs,High-Carb
Cabbage,100,grams,,24,0.12,5.58,1.44,   كرنب – ملفوف,جرام,5,36.6,-,76,43,-,40,0.47,12,170,0.18,0.3,,Veg,Low-Cal
Broccoli,100,grams,,34,0.37,6.64,2.82,   البروكلى,جرام,31,89.2,-,101.6,63,-,47,0.73,21,316,0.41,2.5,,Veg,Low-Cal
Dill,100,grams,,43,1.12,7.02,3.46,   الشبت,جرام,386,85,-,-,150,-,208,6.6,55,738,0.9,-,,Veg,Low-Cal
Rosemary,100,grams,,131,5.86,20.7,3.31,   الروز مارى,جرام,146,21.8,-,-,109,-,317,6.65,91,668,0.9,4.6,,Veg,Low-Cal
Basil,100,grams,,27,0.61,4.34,2.54,   الريحان,جرام,264,18,-,414.8,68,-,177,3.17,64,295,0.8,0.3,,Veg,Low-Cal
Lettuce,100,grams,,14,0.14,2.97,0.9,   الخس,جرام,370,9.2,-,126.3,38,-,36,0.86,13,194,0.18,0.6,,Veg,Low-Cal
Carrots,100,grams,,41,0.24,9.58,0.93,   الجزر,جرام,835,5.9,-,13.2,19,-,33,0.3,12,320,0.24,0.1,,Veg,Low-Cal
Bell Pepper,100,grams,,26,0.3,6.03,0.99,   الفلفل,جرام,157,127.7,-,4.9,26,-,7,0.43,12,211,0.25,0.1,,Veg,Low-Cal
Mushrooms,100,grams,,22,0.34,3.28,3.09,   المشروم,جرام,-,-,0.2,-,17,-,3,0.5,9,318,0.5,9.3,,Veg,Low-Cal
Zucchini,100,grams,,17,0.3,3.1,1.2,   الكوسة,جرام,10,17.9,-,4.3,24,-,16,0.37,18,261,0.3,0.2,,Veg,Low-Cal
Frozen Spinach,100,grams,,29,1,4,4,   السبانخ مجمدة,جرام,524,9.8,-,493.6,146,-,136,3.57,87,466,0.76,1,,Veg,Low-Cal
Spinach,100,grams,,23,0.4,3.6,2.9,   السبانخ,جرام,469,28.1,-,482.9,194,-,99,2.71,79,558,0.53,1,,Veg,Low-Cal
Green Peas,100,grams,,81,0.4,14,5,   البسلة,جرام,38,40,-,24.8,65,-,25,1.5,33,244,0.5,1.9,,Carbs,High-Carb
Okra,100,grams,,33,0.2,7,1.9,   البامية,جرام,36,23,-,31.3,60,-,82,0.6,57,299,0.6,0.7,,Veg,Low-Cal
Green Beans,100,grams,,31,0.1,7,1.8,   الفاصوليا خضراء,جرام,35,16.3,-,14.4,33,-,37,1.03,25,209,0.24,0.6,,Veg,Low-Cal
Eggplant,100,grams,,25,0.2,6,1,   الباذنجان,جرام,1,2.2,-,3.5,22,-,9,0.23,14,229,0.16,0.3,,Veg,Low-Cal
Cauliflower,100,grams,,25,0.1,5.3,1.98,   القرنبيط,جرام,-,48.2,-,15.5,57,-,22,0.42,15,299,0.27,0.6,,Veg,Low-Cal
Garlic,100,grams,,148,0.5,33,6,   الثوم,جرام,-,31.2,-,1.7,3,-,181,1.7,25,401,1.16,14.2,,Protein,High-Carb
Unsweetened Iced Tea,100,ml,,1,0,0.28,0.01,   شاي مثلج غير محلي,جرام ,-,-,-,-,-,-,-,0.02,3,37,0.02,0.4,,Packaged & Mixed Foods,Low-Cal
Diet Cola,100,mg,,1,0,0,0,   الكولا دايت,جرام ,-,-,-,-,-,-,-,-,-,-,-,-,,Packaged & Mixed Foods,Low-Cal
maple syrup,100,grams ,,261,0,67,0,   شراب القيقب,جرام ,-,-,-,-,-,-,102,0.2,21,205,1.5,0.6,,Sauces & Condiments,High-Carb
Hershey’s lite syrup Chocolate flavor,100,grams ,,117,0,35,0,   شراب هيرشي بالشيكولاتة لايت,جرام ,-,-,-,-,-,-,-,2,-,70,0.2,-,,Packaged & Mixed Foods,High-Carb
Subway Chicken Teriyaki 6 inch,100,grams ,,360,4.5,57,25,صب واي دجاج ترياكي 6 أنش,جرام ,180,12,-,-,80,0.5,250,3,40,450,1.5,30,,Packaged & Mixed Foods,Balanced Protein-Carb
AlAreesh chicken spring rolls,100,grams ,,138,5,14,7,   العريش سبرنج رولز الدجاج,جرام ,5,-,-,5,10,0.2,15,1,15,150,0.8,10,,Packaged & Mixed Foods,Balanced Protein-Carb
Americana Chicken Cordon Bleu,100,grams ,,240,12,19,14,   كوردون بلو أمريكانا,جرام ,10,-,0.2,8,15,0.3,80,1.2,20,250,1,15,,Packaged & Mixed Foods,Balanced Protein-Carb
Subway Oven Roasted Chicken 6 inch,100,grams ,,320,5,45,23,صب واي دجاج مشوي 6 أنش,جرام ,180,12,-,-,80,0.5,250,3,40,450,1.5,30,,Packaged & Mixed Foods,Balanced Protein-Carb
Subway Chicken Fajita 6 inch,100,grams ,,340,7,50,22,صب واي دجاج فاهيتا 6 أنش,جرام ,180,15,-,-,80,0.5,250,3,40,450,1.5,30,,Packaged & Mixed Foods,Balanced Protein-Carb
Macdonald’s Big Tasty,100,grams ,,520,26,43,27,   ماكدونالدز بيج تاستي,جرام ,150,5,0.5,20,50,1.5,250,4,50,500,4,40,,Packaged & Mixed Foods,Fatty Protein
Macdonald’s Quarter Pounder,100,grams ,,520,26,41,30,   ماكدونالدز كوارتر باوندر,جرام ,140,2,0.6,18,45,1.8,280,4.5,55,550,4.5,45,,Packaged & Mixed Foods,Fatty Protein
Hardee’s Super Star,100,grams ,,790,53,41,40,   هارديز سوبر ستار,جرام ,200,10,0.8,25,60,2,300,5,60,600,5,50,,Packaged & Mixed Foods,Fatty Protein
Hardee’s Oreo Milk Shake,100,grams ,,700,33,86,14,   هارديز أوريو ميلك شيك,جرام ,250,-,1,5,20,1,500,1,50,600,1.5,15,,Packaged & Mixed Foods,Candy-like Snack
Macdonald’s Mcflory,100,grams ,,510,17,60,12,   ماكدونالدز ماك فلوري,جرام ,200,1,0.8,4,15,0.8,450,0.5,40,550,1.2,12,,Packaged & Mixed Foods,Candy-like Snack
Halwani Bros Hamburger,100,grams ,,167.3,8.5,9.7,13,   حلواني اخوان هامبورجر,جرام ,2,-,0.1,1,3,2,6,2.5,18,250,5,28,,Protein,Fatty Protein
President Low Fat Cheddar Cheese,100,grams ,,181.9,9.1,8,17,   بريزيدن جبنة شيدر قليل الدسم,جرام ,150,-,0.3,1.5,15,1.2,800,0.5,30,120,3.5,15,,Protein,Lean Protein
Frico light gouda cheese,100,grams ,,240,12,0,33,   جبنة فريكو جودة قليلة الدسم,جرام ,150,-,-,20,15,1.5,900,0.3,40,120,4,20,,Protein,Lean Protein
President extra light 0.9% fat,100,grams ,,117,0.9,6.6,20.5,   جبنة بريزيدن إكسترا لايت,جرام ,100,-,-,1,12,1,850,0.5,30,150,3.2,15,,Protein,Lean Protein
Philadephia Cheese Spread Light,100,grams ,,128,8.8,5,6.6,   لاديا جبنة لابت,جرام ,180,-,-,2.9,13,0.2,90,0.4,10,130,0.5,3,,Protein,Lean Protein
President White Lite Cheese,100,grams ,,131,7,5,12,   بريزيدن جبنة بيضاء لايت,جرام ,120,-,-,1.5,25,0.3,420,0.3,15,110,1.1,12,,Protein,Lean Protein
Halwani Bros Minced Meat,100,grams ,,107.5,13.5,0,17,   حلواني اخوان لحم مفروم,جرام ,3,-,0.1,1.1,6,2.7,9,3.2,23,310,7,36,,Protein,Fatty Protein
The Three Cows Shredded mozarrella cheese,100,grams ,,300,0.8,25,22,   جبنة البقرات الثلاث موتزاريللا مبشورة,جرام ,180,-,-,2,7,0.8,600,0.4,20,100,2.5,15,,Protein,Balanced Protein-Carb
Al monaiem Sliced Coopoliva,100,grams ,,645,65,0,4,   كوبوليڤا شرائح زيتون المنجم,جرام ,20,0.9,-,1.4,-,-,88,3.3,4,8,0.22,0.9,,Sauces & Condiments,Low-Cal
Qody Fava Beans,100,grams ,,72,0.4,11.8,5.5,   قودي فول مدمس سادة,جرام ,1,1,-,3,150,-,45,2.2,65,310,0.9,1,,Carbs,High-Carb
Al Kabeer Felafel,100,grams ,,72.7,1.3,10,3.3,   فلافل سادة قبل القلي ( الكبير ),جرام ,10,5,-,20,150,-,80,5,100,700,2,5,,Packaged & Mixed Foods,High-Carb
Philadelphia Freekeh,100,grams ,,59,0.2,13,1.4,   فريكة أبو خلدون خشنة,جرام ,-,-,-,-,18,-,10,0.96,32,68,0.5,0.5,,Carbs,High-Fiber
Basak Broccoli cream soup,100,grams ,,19.6,0.32,3.6,0.52,   شوربة باشاك بروكلي بالكريم,جرام ,10,10,-,10,10,-,5,0.1,2,30,0.05,0.2,,Packaged & Mixed Foods,Low-Cal
Basak Mushroom cream soup,100,grams ,,81.7,1.2,15,2.2,   فطرباشاك بالكريمة,جرام ,-,-,-,-,5,-,2,0.2,5,150,0.2,4,,Packaged & Mixed Foods,Low-Cal
Basak Star noodle vegatable soop,100,grams ,,22.4,0.2,4.48,0.56,   شوربة النجوم بالخضار باشاك,جرام ,20,2,-,-,5,-,5,0.2,5,50,0.1,0.5,,Packaged & Mixed Foods,Low-Cal
Quaker Vegetables Cumin and Oats Soup,100,grams ,,51.6,1.84,6.5,1.84,   شوربة كويكر خضروات كمون شوفان,جرام ,20,2,-,-,5,-,10,0.5,10,100,0.2,1,,Packaged & Mixed Foods,Low-Cal
cheddar cheese Low fat Almarai,100,grams ,,257,19,2,19,   جبنة شيدر قليلة الدسم – المراعي,جرام ,180,-,0.3,1.8,14,1.1,700,0.4,28,140,3,14,,Protein,Lean Protein
Lulu tortilla,100,grams ,,307,5.35,55,9,   لولو تورتيلا,جرام ,-,-,-,-,50,-,200,2.5,40,180,1,25,,Carbs,High-Carb
Milk Low fat almarai,100,grams ,,43.6,2,4.9,3.4,   الحليب قليل الدسم المراعي,جرام ,56,-,1.3,0.1,5,0.5,120,0.05,11,146,0.4,3.1,,Protein,Lean Protein
Nestle fitness Cereals made with whole grain,100,grams ,,367,1.7,74.8,9.67,   نستلة فتنس رقائق مصنوعة من الحبوب الكاملة,جرام ,200,30,2.5,-,200,1.25,500,7,100,400,5,20,,Carbs,High-Fiber
Yogurt Low fat almarai,100,grams ,,80,2,5.5,4.5,   الزبادي قليل الدسم المراعي,جرام ,14,0.9,-,0.1,5,0.37,121,0.05,12,155,0.59,2.2,,Protein,Lean Protein
Lulu Chapatti,100,grams ,,289.55,4.25,48.75,13.89,   لولو تشاباتي,جرام ,-,-,-,-,20,-,30,2.5,50,150,1.5,20,,Carbs,High-Carb
Iko oat bran sugar free,100,grams ,,510,13,67,8,   شوفان قليل السكر,جرام ,-,-,-,-,30,-,50,4,130,350,3.5,25,,Carbs,High-Carb
almethaly flour,100,grams ,,273,2,52,11,   طحين المثالي,جرام ,-,-,-,-,40,-,30,3.5,130,350,2.5,60,,Carbs,High-Carb
All bran flakes Kelloggs,100,grams ,,359,3.2,63,12,   رقائق من نخالة القمح الطبيعي شركة كيلوقس,جرام ,200,30,2.5,-,200,1.25,500,7,100,400,5,20,,Carbs,High-Carb
Alwafra Greek Yogurt,100,grams ,,116,5.5,6.61,10.2,   الوفرة روب يوناني,جرام ,27,0.5,-,0.1,7,0.37,121,0.05,12,155,0.59,2.2,,Protein,Fatty Protein
Mafrood bread almethaly,100,grams ,,275,1,56,10,   خبز مفرود شركة المثالي,جرام ,-,-,-,-,120,-,80,3,40,200,1.5,25,,Carbs,High-Carb
Toast almethaly,100,grams ,,273,2,52,11,   شرائح خبز توست شركة المثالي,جرام ,-,-,-,1.9,28,-,260,2.7,82,266,1.9,37.9,,Carbs,High-Carb
Almarai up Salted milk syrup,100,grams ,,34.6,1.1,3.6,2.4,   المراعي اب شراب حليب مملح,جرام ,30,1,-,0.2,4,0.3,100,0.02,8,120,0.3,3,,Packaged & Mixed Foods,Low-Cal
Lite Yogurt Activia,100,grams ,,49,1,5.3,4.6,   زبادي لايت أكتيا,جرام ,14,0.9,-,0.1,5,0.37,121,0.05,12,155,0.59,2.2,,Protein,Lean Protein
White toast bread square tazaj,100,grams ,,256,2.5,45,13,   خبز توست ابيض مربع طازج,جرام ,-,-,-,0.1,106,-,260,2.8,32,134,1.1,26.3,,Carbs,High-Carb
Galaxy chocolate Smooth dark,100,grams ,,520,33,59.1,5.7,   شوكولاتة غامقة وناعمه جالكسي,جرام ,40,-,-,7,15,-,70,10,200,700,1.8,6,,Packaged & Mixed Foods,Candy-like Snack
Granola dark chocolate and red berries love crunch,100,grams ,,470,19,65,6.5,   جرانولا شوكولاتة وتوت احمر لوف كرانش,جرام ,-,1,-,-,25,-,40,3.5,110,300,2.2,9,,Packaged & Mixed Foods,High-Carb
Um Khalid mixing omani shuwa mix,100,grams ,,159,1.9,36,1.51,   مخلط الشواء العماني ام خالد,جرام ,0,0,0,0,0,0,0,0,0,0,0,0,,Sauces & Condiments,Low-Cal
Life Protein Icecream,100,grams ,,153,1.923,15.38,13.07,   بروتين آيس كريم لايف,جرام ,100,0.5,1,0.1,4,0.4,128,0.1,10,199,0.4,2.2,,Protein,Lean Protein
Marai mozarella low fat,100,grams ,,235,15,0,25,   جبنة موزريلا المراعي قليلة الدسم,جرام ,180,-,-,2,7,0.8,600,0.4,20,100,2.5,15,,Protein,Lean Protein
Papaya,100,grams ,,43,0,11,1,   فاكهة البابايا,جرام ,47,60.9,-,2.6,37,-,20,0.25,21,182,0.08,0.6,,Fruit,Low-Carb
Puck Bechamel Sauce with cheese,100,grams ,,175,14,7,5,   صوص البشاميل مع الجبن بوك,جرام ,100,0.5,1,1,5,0.2,150,0.2,10,120,0.3,2,,Sauces & Condiments,Low-Cal
Craft Cheddar,100,grams ,,320,27,0,20,   جبن كرافت شدر,جرام ,263,-,0.6,2.1,18,0.8,721,0.68,28,98,3.1,14.5,,Protein,Fatty Protein
Almarai Vital Stirred Yogurt Mango and Peach,100,grams ,,100,1.1,19.1,3,   المراعي تال زبادي مانجو و خوخ,جرام ,15,2,-,0.1,6,0.5,120,0.1,10,150,0.6,2,,Protein,Lean Protein
Pride Cheese Extra Light,100,grams ,,117,1,6.6,20.5,   جبنة برايد أكسترا لايت,جرام ,100,-,-,1,12,1,850,0.5,30,150,3.2,15,,Protein,Lean Protein
Pride Cheese Extra Light,100,grams ,,117,1,6.6,20.5,   جبنة برايد أكسترا لايت,جرام ,100,-,-,1,12,1,850,0.5,30,150,3.2,15,,Protein,Lean Protein
Mcvities Digestive – Dark Chocolate Biscuits,100,grams ,,495,24,61,6,   ماكتيز دايجستف – بسكوت مع شكولاته داكنة,جرام ,40,-,-,7,15,-,70,10,200,700,1.8,6,,Carbs,Candy-like Snack
Maxim protein bar,100,Gram,,368,12.4,24,40,ماكسيم بروتين بار,جرام,,,,,,,,,,,,,,Protein,Balanced Protein-Carb
Maltesers,100,grams ,,500,24.3,61.5,8.3,   المالتيزرز,جرام ,50,-,-,1,15,0.5,200,0.8,30,300,1,10,,Packaged & Mixed Foods,Candy-like Snack
Americana Beef Burgers,100,grams ,,196,13.4,2,15.7,   امريكانا برجر جامبو بقري,جرام ,2,-,0.1,1,3,2,6,2.5,18,250,5,28,,Packaged & Mixed Foods,Balanced Protein-Carb
pofak kuwait,100,grams ,,530,32,58,7.17,   بفك الكويت,جرام ,0,0,0,0,0,0,0,0,0,0,0,0,,Packaged & Mixed Foods,Candy-like Snack
Protein bar Barebells caramel &cashew,100,grams ,,361,15,26,36,   باربلز بروتين كراميل وكاجو,جرام ,150,30,2.5,20,200,2.5,600,5,100,400,5,30,,Packaged & Mixed Foods,Balanced Protein-Carb
Chechil cheese,100,grams ,,322,24,1.6,25,   جبن جيجيل,جرام ,200,-,0.5,2,15,1.5,750,0.5,30,100,3,15,,Protein,Fatty Protein
Luisine cream cheese sandwich,100,grams ,,303,13,36,9.7,   لوزين تصبيرة ساندوتش جبن كريمي,جرام ,180,-,-,2.9,13,0.2,90,0.4,10,130,0.5,3,,Protein,Fatty Protein
Greek yogurt blueberry,100,grams ,,94,2,14,5,   زبادي يوناني توت ازرق شركة ندي,جرام ,25,2,-,0.2,10,0.3,100,0.1,10,140,0.5,2,,Protein,Lean Protein
Almarai Yogurt strawberries,100,grams ,,105,3,15.5,4,   المراعي زبادي فراوله,جرام ,25,2,-,0.2,10,0.3,100,0.1,10,140,0.5,2,,Protein,Lean Protein
Jelly Cranberry Greens,100,grams ,,61,0.4,13.7,1.79,   جيلي توت شركه جرينز,جرام ,-,20,-,5,1,-,5,0.3,5,40,0.1,0.5,,Packaged & Mixed Foods,Candy-like Snack
Luna Red kidney beans,100,grams ,,149,0.2,20,9.8,   لونا فاصوليا حمراء معلبة,جرام ,-,-,-,-,130,-,45,2.5,42,350,0.8,-,,Carbs,High-Carb
Cooked Mackerel,100,grams ,,222,13.8,0.4,22.5,   سمك ماكريل مطبوخ,جرام ,40,1,15.3,7.8,1,8.7,15,1.6,76,314,0.6,44.1,,Protein,Fatty Protein
skimmed milk Almarai,100,grams ,,33.8,0.1,5,3.2,   حليب خالي الدسم المراعي,جرام ,58,-,1.3,0.1,5,0.5,123,0.03,11,157,0.4,3.2,,Protein,Lean Protein
Cream Light Almarai,100,grams ,,166,15,4.4,3.3,   قشطه لايت المراعي,جرام ,180,0.5,0.6,1.5,2,0.1,70,0.04,6,100,0.15,0.8,,Protein,Fatty Protein
Bechamel sauce with cheese Puck,100,grams ,,117,0.9,6.6,20.5,   صوص البشاميل مع الجبن شركه بوك,جرام ,100,0.5,1,1,5,0.2,150,0.2,10,120,0.3,2,,Sauces & Condiments,Lean Protein
cheese spread light Philadelphia,100,grams ,,128,8.8,5,6.6,   جبن سائل لايت لادلا,جرام ,180,-,-,2.9,13,0.2,90,0.4,10,130,0.5,3,,Protein,Fatty Protein
Smoked Salmon Slices,100,Gram,,177,10,0.8,19,سلمون مدخن شرايح,جرام,20,1.5,10.8,0.4,20,3.5,11,0.5,22,320,0.3,32.1,,Protein,Fatty Protein
Tang orange,100,grams ,,358,0.1,68,1.4,   تانج برتقال,جرام ,-,200,-,-,-,-,200,-,-,-,-,-,,Packaged & Mixed Foods,Candy-like Snack
Cheese Slices fat free almarai,100,grams ,,569,1.5,9,21,   شرائح الجبن خالية الدسم المراعي,جرام ,120,-,0.2,1,12,1,850,0.5,30,150,3.2,15,,Protein,Lean Protein
Beef sheesh kebab freshly foods,100,grams ,,176,5,25,23,   شيش كباب لحم بقري فرشلي فود,جرام ,3,-,0.1,1.1,6,2.7,9,3.2,23,310,7,36,,Packaged & Mixed Foods,Balanced Protein-Carb
Goody Peanut butter low fat,100,grams ,,450,37,32,24.5,   زبده فول سوداني قليله الدهون جودي,جرام ,-,-,-,0.1,65,-,40,1.5,150,500,2.5,4,,Fats & Oils,Healthy Fat
Impact Whey Isolate Myprotein,100,grams ,,373,0.3,2.5,90,   واي بروتين ايزوليت ماي بروتين,جرام ,10,-,-,-,5,0.2,120,0.3,25,160,0.5,9,,Protein,Lean Protein
Super Mass Gainer Dymatize,100,grams ,,381,2.97,72,15.47,   سوبر ماس جينر ديماتيز,جرام ,237,30,2.5,2.5,200,0.5,295,4,210,735,0.75,35,,Packaged & Mixed Foods,High-Carb
Cooking cream light almarai,100,grams ,,134,12,5.8,2.6,   كريمة الطبخ لايت المراعي,جرام ,180,0.5,0.6,1.5,2,0.1,70,0.04,6,100,0.15,0.8,,Protein,Fatty Protein
Tuna salad mayonnaise fisherman,100,grams ,,158,11,5.6,7.7,   سلطه تونه بالمايونيز شركه شر مان,جرام ,20,2,1,0.2,5,1.5,20,0.8,25,200,0.8,60,,Packaged & Mixed Foods,Fatty Protein
Tanour healthy bread with black seeds,100,grams ,,400,0,70,10,   خبز تنور بحبه البركه صحي,جرام ,-,-,-,-,120,-,80,3,40,200,1.5,25,,Protein,High-Carb
Doline Posni,100,grams ,,73.5,1.5,3,12,   جبن دولين قليل الدسم عالي البروتين,جرام ,0,0,0,0,0,0,0,0,0,0,0,0,,Protein,Lean Protein
Classic White Cheese,100,grams ,,268,21,0.7,19,   جبن ابيض كلاسيك,جرام ,200,-,0.5,2,20,1.5,700,0.5,30,130,3,15,,Protein,Lean Protein
Bio Primo Superfood Lupinen Protein Pulver,100,grams ,,374,12,10,43,   بروتين نباتي بيو بريمو,جرام ,0,0,0,0,0,0,0,0,0,0,0,0,,Protein,Lean Protein
Multipower 100% pure whey,100,grams ,,379,4.7,4.3,78,   واي بروتين مالتي باور الماني,جرام ,10,-,-,-,5,0.2,120,0.3,25,160,0.5,9,,Protein,Lean Protein
NOW Pea Protein,100,grams ,,400,7.5,5,75,   بروتين البازلاء من شركة ناو,جرام ,-,-,-,-,-,-,100,25,100,-,5,-,,Protein,Lean Protein
Raw shelled shrimp,100,grams ,,144,2.35,1.24,27.5,   جمبري نئ مقشر,جرام ,15,-,-,0.2,4,1.66,70,0.5,39,259,1.6,39.7,,Protein,Lean Protein
Sports Factory Protein Shake 90,100,grams ,,350,0.9,4.2,80,سبورتس فاكتوري بروتين شيك 90,جرام ,0,0,0,0,0,0,0,0,0,0,0,0,,Protein,Lean Protein
Merluccius Fish frozen,100,grams ,,89,2.8,0,16,   سمك النازل البحري مجمد,جرام ,50,1,2,0.1,15,1,40,0.5,30,300,0.5,35,,Protein,Lean Protein
 Raw potato ,100,grams ,,77,1,17,2,بطاطس قبل التسويه ,جرام ,0,19.7,0,1.9,18,0,12,0.8,23,421,0.3,0.4,,Carbs,Low-Carb
mint ,100,grams ,,44,0.7,8.4,3,نعناع,جرام ,202,31.8,0,392.4,114,0,243,5.1,80,458,1.1,1.8,,Veg,Low-Cal
zaatar,100,grams ,,101,1,11,6,زعتر ,جرام ,238,160.1,0,1714.5,45,0,405,17.5,160,609,1.8,4.6,,Veg,Low-Cal
pepper clolors,100,grams,,34,0.3,7,1,فلفل الوان ,جرام ,157,127.7,0,4.9,10,0,7,0.4,12,211,0.3,0.1,,Veg,Low-Carb
RAW CHICKPEAS,100,grams,,378,6,63,20,حمص ني ,جرام ,0,4.4,0,9.4,557,0,124,"6,2",166,875,3.4,8.2,,Carbs,High-Carb
Greek Yogurt Full cream,100,gm,,106,3,12.29,7.33,زبادي يوناني كامل الدسم (جهينة),جرام ,25,2,-,0.2,10,0.3,100,0.1,10,140,0.5,2,,Protein,Fatty Protein
Boiled hummos,100,gm,,164,2.6,27.4,8.9,حمص مطهي,جرام ,1,1.3,0,4,172,0,49,2.9,48,291,1.5,3.7,,Carbs,High-Carb
Cashew Butter,100,Gram,,597,49.9,29.7,17.5,زبدة الكاجو,جرام ,0,0.5,0,8.8,69,0,44,6,258,565,5.6,18.9,,Fats & Oils,Healthy Fat
White Chocolate,100,Gram,,539,32.1,59.2,5.9,شوكولاتة بيضاء,جرام ,9,0.5,0,9.1,7,0.56,199,0.24,12,286,0.74,4.5,,Packaged & Mixed Foods,Candy-like Snack
Ginger,100,Gram,,80,0.8,17.8,1.8,زنجبيل,جرام ,0,5,0,0.1,11,0,16,0.6,43,415,0.34,0.7,,Veg,Low-Cal
Lemon Juice,100,Gram,,29,0.2,9.3,1.1,عصير ليمون,جرام ,1,38.7,0,0,20,0,6,0.6,8,103,0.06,0.1,,Sauces & Condiments,Low-Cal
Tang peach ,100,grams ,,358,0.1,68,1.4,   تانج خوخ,جرام ,-,200,-,-,-,-,200,-,-,-,-,-,,Packaged & Mixed Foods,Candy-like Snack
 macaroni Shareya (RAW),100,grams,,371,2,75,13,   مكرونة شعرية ناشفة نيئة,جرام ,-,-,-,0.1,20,-,24,1.2,53,124,1.4,67,,Carbs,Low-Carb
Lean Beef,100,Gram,,125,4.5,0,21.7,لحم أحمر (قليل الدهن),جرام ,0,0,0,0,5,2.6,6,2.7,20,334,4.8,24,,Protein,Lean Protein
Fresh Tomato Sauce,100,Gram,,32,0.2,7,1.4,صلصة طماطم طازجة,جرام ,42,21.7,0,9.4,15,0,12,0.6,17,342,0.2,0.4,,Sauces & Condiments,Low-Cal
Raw Beef Liver,100,Gram,,135,3.6,3.9,20.4,كبد بقري (نية),جرام ,8360,1.3,1.2,0.3,253,59,5,4.9,18,291,4,39.7,,Protein,Lean Protein
Light Cream Cheese,100,Gram,,208,15.3,8.1,7.8,جبنة كريمي لايت,جرام ,161,0,11,1.1,19,0.9,148,0.2,8,247,0.6,4,,Protein,Fatty Protein
Raw Minced Chicken Breast,100,Gram,,110,1.4,0,23,صدور دجاج مفرومة (نيئة),جرام ,0,0,0,0,4,0.28,11,0.4,26,256,0.8,24.5,,Protein,Lean Protein
Low-fat Milk,100,Gram,,42,1,5,3.4,حليب قليل الدسم,جرام ,15,1.2,1.2,0.1,5,0.45,125,0,10,150,0.4,1.5,,Protein,Lean Protein
Raw Chicken Liver,100,Gram,,119,4.8,1.1,16.9,كبدة دجاج (نية),جرام ,3293,23.5,0.6,0.3,588,16.6,10,8.5,20,247,2.7,54.6,,Protein,Lean Protein
Grilled Chicken Breast,100,Gram,,165,3.6,0,31,صدر دجاج مشوي,جرام ,0,0,0,0,4,0.3,11,0.5,29,256,0.9,28,,Protein,Lean Protein
Chocolate Chips,100,Gram,,486,26.5,68,4.7,تشوكليت شيبس,جرام ,3,0,0,1.9,10,0.07,46,4.44,88,236,0.98,1.2,,Packaged & Mixed Foods,Candy-like Snack
Demi-Glace Sauce,100,Gram,,70,3,2,8,صوص ديمي جلاس,جرام ,0,0,0,0,0,0.2,10,0.6,5,100,0.4,2,,Sauces & Condiments,Low-Cal
Raw Mullet Fish,100,Gram,,117,4.5,0,18,سمك بوري (ني),جرام ,20,0,1.4,0.1,6,2.3,27,0.6,31,310,0.9,36.5,,Protein,Lean Protein
Organic Nation Guilt Free Ketchup,100,Gram,,26,0.07,5,1.4,كاتشب أورجانيك نيشن جيلت فري,جرام ,,,,,,,,,,,,,,Sauces & Condiments,Low-Cal
Lebanese Bread (White),100,Gram,,266,1,54,9,خبز لبناني (أبيض),جرام ,0,0,0,0.1,126,0,27,2.3,25,114,0.9,13.7,,Carbs,High-Carb
Sliced Pickled Cucumbers,100,Gram,,11,0.2,2.5,0.5,مخلل خيار شرائح,جرام ,2,1.4,0,25,3,0,19,0.3,10,59,0.1,0.1,,Sauces & Condiments,Low-Cal
Sesame Burger Bun,100,Gram,,280,4.7,50,9.3,خبز برجر بالسمسم,جرام ,0,0,0,0.2,100,0,160,3.4,32,125,0.9,19,,Carbs,High-Carb
White Vinegar,100,Gram,,18,0,0.1,0,خل أبيض,جرام ,0,0,0,0,0,0,7,0.2,5,8,0.1,0,,Sauces & Condiments,Low-Cal
"Raw, Skinless Chicken Thighs",100,Gram,,135,7,0,18,أوراك دجاج بدون جلد (نيئة),جرام ,0,0,0,0,4,0.3,14,1.2,24,260,2.1,24,,Protein,Fatty Protein
Raw Chicken Liver and Gizzards,100,Gram,,135,3.7,0.6,23.6,كبد وقوانص دجاج (نيئة),جرام ,1647,11.8,0.3,0.2,296,10.6,12,5.65,23,251.5,2.85,42.8,,Protein,Lean Protein
Raw Veal,100,Gram,,130,4.1,0,21.7,لحم بتلو (ني),جرام ,0,0,0,0,5,1.4,16,2.1,20,324,3.6,13.5,,Protein,Lean Protein
Raw Calamari,100,Gram,,92,1.4,3.1,15.6,كاليماري (ني),جرام ,5,4.7,0,0.1,5,1.1,32,0.9,33,287,1.4,44.8,,Protein,Lean Protein
Raw Fish Fillet,100,Gram,,85,0.6,0,18.5,سمك فيليه (ني),جرام ,11,0,1.4,0.1,12,1.8,16,0.4,22,287,0.4,36,,Protein,Fatty Protein
Raw Chicken Drumsticks,100,Gram,,165,10,0,18.2,دبابيس دجاج (نية),جرام ,0,0,0,0,3,0.3,12,0.9,19,216,1.3,24,,Protein,Fatty Protein
Pizza Sauce,100,Gram,,35,1,6,1.4,صوص بيتزا,جرام ,25,10,0,6,10,0,12,0.6,15,200,0.2,0.4,,Sauces & Condiments,Low-Cal
Baking Powder,100,Gram,,53,0,27.7,0,بيكنج بودر,جرام,0,0,0,0,0,0,3397,3.6,8,2,0.2,0.2,,Sauces & Condiments,Low-Cal
Raw Knafeh Dough,100,Gram,,330,2,70,9,كنافة (نيئة),جرام ,0,0,0,0,100,0,14,1.4,20,120,0.8,24,,Carbs,High-Carb
Raw Popcorn Kernels,100,Gram,,387,4.7,78,13,ذرة فشار (نية ),جرام ,10,0,0,0.7,27,0,14,2.7,127,363,2.9,8.8,,Carbs,High-Carb
Hazelnut Butter,100,Gram,,628,61,17,15,زبدة بندق,جرام ,0,0,0,14.2,113,0,114,4.7,163,680,2.4,2.4,,Protein,Healthy Fat
Kiri Light Cheese,100,Gram,,162,12.5,5.5,7,جبنة كيري لايت,جرام ,120,0,0.5,2.1,10,0.4,200,0.3,10,130,0.7,3,,Protein,Fatty Protein
Soy Sauce,100,Gram,,53,0.6,5.5,8.1,صويا صوص,جرام ,0,0,0,0,19,0.1,33,1.5,55,128,0.4,2.1,,Carbs,High-Carb
Samosa Dough,100,Gram,,350,10,58,8,عجينة سمبوسة,جرام ,0,0,0,0,100,0,20,1.4,20,100,0.6,15,,Carbs,High-Carb
Grilled Salmon,100,Gram,,252,16.5,0,26.5,سلمون مستوي جريلد,جرام,15,4.9,13.9,0.6,32,4.1,11,0.4,34,462,0.5,46.4,,Protein,Fatty Protein
Freekeh,100,Gram,,350,2.3,72,13,فريك,جرام,0,0,0,0,38,0,27,2.6,128,423,2.4,13.7,,Protein,
Raw Bulgur,100,Gram,,342,1.3,76,12.3,برغل قبل الطهي ,جرام,0,0,0,0.1,27,0,35,2.5,164,410,1.9,12.1,,Protein,
deli sun  pizza bases,100,Gram,,315,8.5,53,8,ديلي صن قواعد البيتزا,جرام,0,0,0,0,0,0,0,0,0,0,0,0,,Protein,
Low-fat sausage (raw),100,Gram,,198,13.3,1.1,18,سجق قليل الدهن (قبل الطهي),جرام,12,0,0.6,0,3,0.7,25,1.2,18,280,2.1,22.5,,Protein,
Raw Lean Minced Meat,100,Gram,,136,5,0,21.5,لحمة مفرومة (قليلة الدهن - نية),جرام,2,0,0.1,1.2,7,2.4,10,2.5,21,314,5.2,20.4,,Protein,
Water,100,ml,,0,0,0,0,ماء,مل,0,0,0,0,0,0,0,0,0,0,0,,,Protein,
